DISTRICT,RTE,DESCRIPTION,County,City,State,Country,AHEAD_AADT
07,001,LOS ANGELES/ORANGE COUNTY LINE,Los Angeles County,Los Angeles,CA,USA,42500
07,001,"LONG BEACH, BELLFLOWER BOULEVARD",Los Angeles County,Los Angeles,CA,USA,26000
07,001,"LONG BEACH, JCT. RTE. 22",Los Angeles County,Los Angeles,CA,USA,34000
07,001,"LONG BEACH, ANAHEIM STREET",Los Angeles County,Los Angeles,CA,USA,28000
07,001,"LONG BEACH, CHERRY AVENUE",Los Angeles County,Los Angeles,CA,USA,37000
07,001,"LONG BEACH, LONG BEACH BOULEVARD",Los Angeles County,Los Angeles,CA,USA,34500
07,001,"LONG BEACH, JCT. RTE. 710",Los Angeles County,Los Angeles,CA,USA,39000
07,001,"LONG BEACH, JCT. RTE. 103",Los Angeles County,Los Angeles,CA,USA,32000
07,001,"LOS ANGELES, ALAMEDA STREET",Los Angeles County,Los Angeles,CA,USA,32500
07,001,"LOS ANGELES, AVALON BOULEVARD",Los Angeles County,Los Angeles,CA,USA,41000
07,001,"LOS ANGELES, JCT. RTE. 110",Los Angeles County,Los Angeles,CA,USA,56000
07,001,"LOS ANGELES, VERMONT AVENUE",Los Angeles County,Los Angeles,CA,USA,53000
07,001,"LOS ANGELES, NORMANDIE AVENUE",Los Angeles County,Los Angeles,CA,USA,48500
07,001,"LOS ANGELES, JCT. RTE. 213",Los Angeles County,Los Angeles,CA,USA,61000
07,001,"TORRANCE, CRENSHAW BOULEVARD",Los Angeles County,Los Angeles,CA,USA,43500
07,001,"TORRANCE, JCT. RTE. 107",Los Angeles County,Los Angeles,CA,USA,42500
07,001,"TORRANCE, PALOS VERDES BOULEVARD",Los Angeles County,Los Angeles,CA,USA,29500
07,001,"REDONDO BEACH, TORRANCE BOULEVARD",Los Angeles County,Los Angeles,CA,USA,39500
07,001,"HERMOSA BEACH, AVIATION BOULEVARD",Los Angeles County,Los Angeles,CA,USA,50000
07,001,"HERMOSA BEACH, PIER AVENUE/14TH STREET",Los Angeles County,Los Angeles,CA,USA,45500
07,001,"MANHATTAN BEACH, ARTESIA BOULEVARD",Los Angeles County,Los Angeles,CA,USA,46000
07,001,"MANHATTAN BEACH, MANHATTAN BEACH BLVD",Los Angeles County,Los Angeles,CA,USA,57000
07,001,"EL SEGUNDO, ROSECRANS AVENUE",Los Angeles County,Los Angeles,CA,USA,65000
07,001,"EL SEGUNDO, EL SEGUNDO BOULEVARD",Los Angeles County,Los Angeles,CA,USA,56000
07,001,"LOS ANGELES, JCT. RTE. 105",Los Angeles County,Los Angeles,CA,USA,110000
07,001,"LOS ANGELES, LA INT'NL AIRPORT, CENTURY BLVD",Los Angeles County,Los Angeles,CA,USA,83000
07,001,"LOS ANGELES, LA INT'NL AIRPORT, VIA LINCOLN BLVD",Los Angeles County,Los Angeles,CA,USA,37000
07,001,"LOS ANGELES, MANCHESTER AVENUE",Los Angeles County,Los Angeles,CA,USA,57000
07,001,"LOS ANGELES, JEFFERSON BOULEVARD",Los Angeles County,Los Angeles,CA,USA,58000
07,001,"LOS ANGELES, CULVER BOULEVARD",Los Angeles County,Los Angeles,CA,USA,60000
07,001,"LOS ANGELES, JCT. RTE. 90",Los Angeles County,Los Angeles,CA,USA,65000
07,001,"LOS ANGELES, WASHINGTON BLVD",Los Angeles County,Los Angeles,CA,USA,47500
07,001,"LOS ANGELES, JCT. RTE. 187",Los Angeles County,Los Angeles,CA,USA,41500
07,001,"SANTA MONICA, JCT. RTE. 10",Los Angeles County,Los Angeles,CA,USA,62000
07,001,"SANTA MONICA, OCEAN AVENUE",Los Angeles County,Los Angeles,CA,USA,73000
07,001,"SANTA MONICA, CALIFORNIA AVENUE",Los Angeles County,Los Angeles,CA,USA,79000
07,001,"LOS ANGELES, CHAUTAUQUA BOULEVARD",Los Angeles County,Los Angeles,CA,USA,80000
07,001,"LOS ANGELES, SUNSET BOULEVARD",Los Angeles County,Los Angeles,CA,USA,60000
07,001,JCT. RTE. 27,Los Angeles County,Los Angeles,CA,USA,49000
07,001,"MALIBU, LAS FLORES CANYON ROAD",Los Angeles County,Los Angeles,CA,USA,41000
07,001,"MALIBU, CROSS CREEK ROAD",Los Angeles County,Los Angeles,CA,USA,43000
07,001,"MALIBU, CIVIC CENTER WAY",Los Angeles County,Los Angeles,CA,USA,36500
07,001,"MALIBU, MALIBU CANYON ROAD",Los Angeles County,Los Angeles,CA,USA,29500
07,001,"MALIBU, KANAN DUME ROAD",Los Angeles County,Los Angeles,CA,USA,29500
07,001,"MALIBU, TRANCAS CANYON RD/BROAD BEACH RD",Los Angeles County,Los Angeles,CA,USA,16700
07,001,"MALIBU, LUNITA ROAD",Los Angeles County,Los Angeles,CA,USA,16700
07,001,"MALIBU, ENCINAL CANYON ROAD",Los Angeles County,Los Angeles,CA,USA,12300
07,001,"MALIBU, JCT. RTE. 23",Los Angeles County,Los Angeles,CA,USA,11700
07,001,MULHOLLAND HIGHWAY,Los Angeles County,Los Angeles,CA,USA,13400
07,001,LOS ANGELES/VENTURA COUNTY LINE,Los Angeles County,Los Angeles,CA,USA,
07,002,"LOS ANGELES, CENTINELA  AVENUE",Los Angeles County,Los Angeles,CA,USA,29500
07,002,"LOS ANGELES, BUNDY DRIVE",Los Angeles County,Los Angeles,CA,USA,30500
07,002,"LOS ANGELES, JCT. RTE. 405",Los Angeles County,Los Angeles,CA,USA,50000
07,002,"LOS ANGELES, SYCAMORE AVENUE",Los Angeles County,Los Angeles,CA,USA,40500
07,002,"LOS ANGELES, HIGHLAND AVENUE",Los Angeles County,Los Angeles,CA,USA,39000
07,002,"LOS ANGELES, VINE STREET",Los Angeles County,Los Angeles,CA,USA,37500
07,002,"LOS ANGELES, WILTON PLACE",Los Angeles County,Los Angeles,CA,USA,43500
07,002,"LOS ANGELES, WESTERN AVENUE",Los Angeles County,Los Angeles,CA,USA,56000
07,002,"LOS ANGELES, JCT. RTE. 101",Los Angeles County,Los Angeles,CA,USA,40500
07,002,"LOS ANGELES, SUNSET BOULEVARD",Los Angeles County,Los Angeles,CA,USA,38500
07,002,"LOS ANGELES, LEFT ONTO GLENDALE BLVD",Los Angeles County,Los Angeles,CA,USA,61000
07,002,"LOS ANGELES, RIGHT VIA THE GLENDALE FREEWAY",Los Angeles County,Los Angeles,CA,USA,58000
07,002,"LOS ANGELES, JCT. RTE. 5",Los Angeles County,Los Angeles,CA,USA,161000
07,002,"LOS ANGELES, SAN FERNANDO ROAD ",Los Angeles County,Los Angeles,CA,USA,154000
07,002,"LOS ANGELES, VERDUGO ROAD ",Los Angeles County,Los Angeles,CA,USA,141000
07,002,"LOS ANGELES, YORK BOULEVARD",Los Angeles County,Los Angeles,CA,USA,160000
07,002,"LOS ANGELES, JCT. RTE. 134",Los Angeles County,Los Angeles,CA,USA,130000
07,002,"GLENDALE, MOUNTAIN STREET ",Los Angeles County,Los Angeles,CA,USA,119000
07,002,"LA CANADA-FLINTRIDGE, JCT. RTE. 210",Los Angeles County,Los Angeles,CA,USA,14500
07,002,"LA CANADA-FLINTRIDGE, FOOTHILL BOULEVARD",Los Angeles County,Los Angeles,CA,USA,15400
07,002,"EAST JCT. RTE. 210, VIA ANGELES CREST HIGHWAY",Los Angeles County,Los Angeles,CA,USA,15400
07,002,VISTA DEL VALLE ROAD,Los Angeles County,Los Angeles,CA,USA,6900
07,002,ANGELES FOREST BOUNDARY,Los Angeles County,Los Angeles,CA,USA,3500
07,002,SLIDE CANYON BRIDGE,Los Angeles County,Los Angeles,CA,USA,4400
07,002,ANGELES FOREST HIGHWAY,Los Angeles County,Los Angeles,CA,USA,750
07,002,MOUNT WILSON ROAD,Los Angeles County,Los Angeles,CA,USA,370
07,002,"ENTRANCE, UPPER CHILAO RECREATION AREA",Los Angeles County,Los Angeles,CA,USA,380
07,002,BUCKHORN RANGER STATION,Los Angeles County,Los Angeles,CA,USA,230
07,002,"ISLIP SADDLE, JCT. RTE. 39 SOUTH (CLOSED)",Los Angeles County,Los Angeles,CA,USA,220
07,002,BLUE RIDGE ROAD,Los Angeles County,Los Angeles,CA,USA,390
07,002,BIG PINES HIGHWAY,Los Angeles County,Los Angeles,CA,USA,1600
07,002,LOS ANGELES/SAN BERNARDINO COUNTY LINE,Los Angeles County,Los Angeles,CA,USA,
07,005,ORANGE/LOS ANGELES COUNTY LINE,Los Angeles County,Los Angeles,CA,USA,171000
07,005,"SANTA FE SPRINGS, VALLEY VIEW AVENUE ",Los Angeles County,Los Angeles,CA,USA,168000
07,005,"SANTA FE SPRINGS, ALONDRA BOULEVARD ",Los Angeles County,Los Angeles,CA,USA,169000
07,005,"NORWALK, CARMENITA ROAD ",Los Angeles County,Los Angeles,CA,USA,171000
07,005,"NORWALK, FIRESTONE BOULEVARD ",Los Angeles County,Los Angeles,CA,USA,175000
07,005,"NORWALK, NORWALK BLVD/SAN ANTONIO AVE ",Los Angeles County,Los Angeles,CA,USA,176000
07,005,"NORWALK, IMPERIAL HIGHWAY ",Los Angeles County,Los Angeles,CA,USA,192000
07,005,"SANTA FE SPRINGS, JCT. RTE. 605",Los Angeles County,Los Angeles,CA,USA,228000
07,005,"DOWNEY, LAKEWOOD BOULEVARD ",Los Angeles County,Los Angeles,CA,USA,234000
07,005,"DOWNEY, PARAMOUNT BOULEVARD ",Los Angeles County,Los Angeles,CA,USA,233000
07,005,"COMMERCE, SLAUSON AVENUE ",Los Angeles County,Los Angeles,CA,USA,220000
07,005,"COMMERCE, GARFIELD AVENUE ",Los Angeles County,Los Angeles,CA,USA,219000
07,005,"COMMERCE, WASHINGTON BOULEVARD ",Los Angeles County,Los Angeles,CA,USA,229000
07,005,"COMMERCE, ATLANTIC BOULEVARD ",Los Angeles County,Los Angeles,CA,USA,232000
07,005,"COMMERCE, JCT. RTE. 710",Los Angeles County,Los Angeles,CA,USA,244000
07,005,DOWNEY ROAD ,Los Angeles County,Los Angeles,CA,USA,250000
07,005,DITMAN AVENUE ,Los Angeles County,Los Angeles,CA,USA,248000
07,005,INDIANA STREET ,Los Angeles County,Los Angeles,CA,USA,250000
07,005,"LOS ANGELES, JCT. RTE. 60",Los Angeles County,Los Angeles,CA,USA,234000
07,005,"LOS ANGELES, FOURTH STREET ",Los Angeles County,Los Angeles,CA,USA,241000
07,005,"LOS ANGELES, CESAR CHAVEZ DRIVE ",Los Angeles County,Los Angeles,CA,USA,228000
07,005,"LOS ANGELES, JCT. RTE. 10",Los Angeles County,Los Angeles,CA,USA,234000
07,005,"LOS ANGELES, MAIN STREET ",Los Angeles County,Los Angeles,CA,USA,230000
07,005,"LOS ANGELES, NORTH BROADWAY ",Los Angeles County,Los Angeles,CA,USA,220000
07,005,"LOS ANGELES, JCT. RTE. 110",Los Angeles County,Los Angeles,CA,USA,283000
07,005,"LOS ANGELES, STADIUM WAY ",Los Angeles County,Los Angeles,CA,USA,278000
07,005,"LOS ANGELES, JCT. RTE. 2",Los Angeles County,Los Angeles,CA,USA,233000
07,005,"LOS ANGELES, GLENDALE BOULEVARD ",Los Angeles County,Los Angeles,CA,USA,224000
07,005,"LOS ANGELES, LOS FELIZ BLVD/GRIFFITH PARK DR",Los Angeles County,Los Angeles,CA,USA,247000
07,005,"LOS ANGELES, COLORADO BOULEVARD",Los Angeles County,Los Angeles,CA,USA,258000
07,005,"LOS ANGELES, JCT. RTE. 134",Los Angeles County,Los Angeles,CA,USA,237000
07,005,"GLENDALE, WESTERN AVENUE ",Los Angeles County,Los Angeles,CA,USA,230000
07,005,"BURBANK, ALAMEDA AVENUE ",Los Angeles County,Los Angeles,CA,USA,224000
07,005,"BURBANK, OLIVE AVENUE ",Los Angeles County,Los Angeles,CA,USA,215000
07,005,"BURBANK, BURBANK BOULEVARD ",Los Angeles County,Los Angeles,CA,USA,204000
07,005,"BURBANK, VICTORY BLVD/LINCOLN ST ",Los Angeles County,Los Angeles,CA,USA,192000
07,005,"BURBANK, BUENA VISTA STREET ",Los Angeles County,Los Angeles,CA,USA,194000
07,005,"LOS ANGELES, HOLLYWOOD WAY ",Los Angeles County,Los Angeles,CA,USA,205000
07,005,"LOS ANGELES, ROSCOE BOULEVARD ",Los Angeles County,Los Angeles,CA,USA,193000
07,005,"LOS ANGELES, SUNLAND BOULEVARD ",Los Angeles County,Los Angeles,CA,USA,196000
07,005,"LOS ANGELES, PENROSE STREET ",Los Angeles County,Los Angeles,CA,USA,193000
07,005,"LOS ANGELES, LANKERSHIM BOULEVARD ",Los Angeles County,Los Angeles,CA,USA,193000
07,005,"LOS ANGELES, SHELDON ST/LAUREL CANYON BLVD ",Los Angeles County,Los Angeles,CA,USA,194000
07,005,"LOS ANGELES, JCT. RTE. 170",Los Angeles County,Los Angeles,CA,USA,292000
07,005,"LOS ANGELES, OSBORNE STREET ",Los Angeles County,Los Angeles,CA,USA,307000
07,005,"LOS ANGELES, TERRA BELLA STREET ",Los Angeles County,Los Angeles,CA,USA,299000
07,005,"LOS ANGELES, VAN NUYS BOULEVARD ",Los Angeles County,Los Angeles,CA,USA,289000
07,005,"LOS ANGELES, JCT. RTE. 118",Los Angeles County,Los Angeles,CA,USA,196000
07,005,"LOS ANGELES, BRAND BOULEVARD ",Los Angeles County,Los Angeles,CA,USA,190000
07,005,"LOS ANGELES, SAN FERNANDO MISSION BLVD",Los Angeles County,Los Angeles,CA,USA,187000
07,005,"LOS ANGELES, JCT. RTE. 405",Los Angeles County,Los Angeles,CA,USA,304000
07,005,"LOS ANGELES, ROXFORD STREET ",Los Angeles County,Los Angeles,CA,USA,282000
07,005,"LOS ANGELES, JCT. RTE. 210",Los Angeles County,Los Angeles,CA,USA,286000
07,005,BREAK IN ROUTE,Los Angeles County,Los Angeles,CA,USA,
07,005,"LOS ANGELES, BEGIN TRUCK FWY, RIGHT ALIGN",Los Angeles County,Los Angeles,CA,USA,18500
07,005,"LOS ANGELES, END TRUCK FWY, RIGHT ALIGN",Los Angeles County,Los Angeles,CA,USA,
07,005,"LOS ANGELES, BEGIN TRUCK FWY, LEFT ALIGN",Los Angeles County,Los Angeles,CA,USA,18500
07,005,"LOS ANGELES, END TRUCK FWY, LEFT ALIGN",Los Angeles County,Los Angeles,CA,USA,
07,005,"LOS ANGELES, END TRUCK FWY RIGHT AND LEFT ALIGN",Los Angeles County,Los Angeles,CA,USA,53000
07,005,RTE. 5/14 SEPARATION OVERHEAD,Los Angeles County,Los Angeles,CA,USA,34500
07,005,END TRUCK FREEWAY,Los Angeles County,Los Angeles,CA,USA,
07,005,BREAK IN ROUTE,Los Angeles County,Los Angeles,CA,USA,
07,005,JCT. RTE. 14,Los Angeles County,Los Angeles,CA,USA,206000
07,005,"SANTA CLARITA, CALGROVE BOULEVARD ",Los Angeles County,Los Angeles,CA,USA,205000
07,005,"SANTA CLARITA, LYONS AVENUE ",Los Angeles County,Los Angeles,CA,USA,192000
07,005,"SANTA CLARITA, MC BEAN PARKWAY ",Los Angeles County,Los Angeles,CA,USA,181000
07,005,"SANTA CLARITA, VALENCIA BOULEVARD ",Los Angeles County,Los Angeles,CA,USA,159000
07,005,"SANTA CLARITA, SOUTH JCT. RTE. 126",Los Angeles County,Los Angeles,CA,USA,144000
07,005,"SANTA CLARITA, RYE CANYON ROAD ",Los Angeles County,Los Angeles,CA,USA,135000
07,005,"SANTA CLARITA, NORTH JCT. RTE. 126",Los Angeles County,Los Angeles,CA,USA,118000
07,005,HASLEY CANYON ROAD ,Los Angeles County,Los Angeles,CA,USA,95000
07,005,PARKER ROAD ,Los Angeles County,Los Angeles,CA,USA,76000
07,005,LAKE HUGHES ROAD ,Los Angeles County,Los Angeles,CA,USA,73000
07,005,TEMPLIN HIGHWAY ,Los Angeles County,Los Angeles,CA,USA,72000
07,005,VISTA DEL LAGO ROAD ,Los Angeles County,Los Angeles,CA,USA,72000
07,005,SMOKEY BEAR ROAD ,Los Angeles County,Los Angeles,CA,USA,70000
07,005,SOUTH JCT. RTE. 138,Los Angeles County,Los Angeles,CA,USA,69000
07,005,QUAIL LAKE ROAD ,Los Angeles County,Los Angeles,CA,USA,69000
07,005,NORTH JCT. RTE. 138,Los Angeles County,Los Angeles,CA,USA,73000
07,005,GORMAN ROAD ,Los Angeles County,Los Angeles,CA,USA,74000
07,005,FRAZIER MOUNTAIN PARK ROAD ,Los Angeles County,Los Angeles,CA,USA,76000
07,005,LOS ANGELES/KERN COUNTY LINE,Los Angeles County,Los Angeles,CA,USA,
07,010,"SANTA MONICA, JCT. RTE. 1",Los Angeles County,Los Angeles,CA,USA,150000
07,010,"SANTA MONICA, CLOVERFIELD BOULEVARD ",Los Angeles County,Los Angeles,CA,USA,188000
07,010,"SANTA MONICA, CENTINELA AVE/PICO BLVD ",Los Angeles County,Los Angeles,CA,USA,194000
07,010,"LOS ANGELES, BUNDY DRIVE ",Los Angeles County,Los Angeles,CA,USA,238000
07,010,"LOS ANGELES, JCT. RTE. 405",Los Angeles County,Los Angeles,CA,USA,251000
07,010,"LOS ANGELES, OVERLAND AVENUE ",Los Angeles County,Los Angeles,CA,USA,247000
07,010,"LOS ANGELES, NATIONAL BOULEVARD ",Los Angeles County,Los Angeles,CA,USA,263000
07,010,"LOS ANGELES, ROBERTSON BOULEVARD ",Los Angeles County,Los Angeles,CA,USA,260000
07,010,"LOS ANGELES, JCT. RTE. 187",Los Angeles County,Los Angeles,CA,USA,280000
07,010,"LOS ANGELES, LA BREA AVENUE ",Los Angeles County,Los Angeles,CA,USA,294000
07,010,"LOS ANGELES, CRENSHAW BOULEVARD ",Los Angeles County,Los Angeles,CA,USA,322000
07,010,"LOS ANGELES, ARLINGTON AVENUE ",Los Angeles County,Los Angeles,CA,USA,336000
07,010,"LOS ANGELES, WESTERN AVENUE ",Los Angeles County,Los Angeles,CA,USA,347000
07,010,"LOS ANGELES, NORMANDIE AVENUE ",Los Angeles County,Los Angeles,CA,USA,354000
07,010,"LOS ANGELES, VERMONT AVENUE ",Los Angeles County,Los Angeles,CA,USA,355000
07,010,"LOS ANGELES, HOOVER STREET ",Los Angeles County,Los Angeles,CA,USA,350000
07,010,"LOS ANGELES, JCT. RTE. 110",Los Angeles County,Los Angeles,CA,USA,259000
07,010,"LOS ANGELES, LOS ANGELES STREET ",Los Angeles County,Los Angeles,CA,USA,260000
07,010,"LOS ANGELES, SAN PEDRO ST/CENTRAL AVE ",Los Angeles County,Los Angeles,CA,USA,286000
07,010,"LOS ANGELES, ALAMEDA STREET ",Los Angeles County,Los Angeles,CA,USA,294000
07,010,"LOS ANGELES, SANTA FE AVENUE ",Los Angeles County,Los Angeles,CA,USA,311000
07,010,"LOS ANGELES, JCT. RTE. 5",Los Angeles County,Los Angeles,CA,USA,198000
07,010,BREAK IN ROUTE,Los Angeles County,Los Angeles,CA,USA,
07,010,"LOS ANGELES, BEGIN BUSWAY AT ALAMEDA ST",Los Angeles County,Los Angeles,CA,USA,8600
07,010,"LOS ANGELES, JCT.  RTE.  101/BUS PLAZA ",Los Angeles County,Los Angeles,CA,USA,12400
07,010,"LOS ANGELES, JCT. RTE. 5",Los Angeles County,Los Angeles,CA,USA,13700
07,010,"ALHAMBRA, JCT. RTE. 710",Los Angeles County,Los Angeles,CA,USA,35000
07,010,"ALHAMBRA, DEL MAR AVENUE ",Los Angeles County,Los Angeles,CA,USA,32000
07,010,"EL MONTE, CONNECT TO SAN BERNARDINO FWY",Los Angeles County,Los Angeles,CA,USA,680
07,010,"EL MONTE, EL MONTE BUS STA/SNTA ANITA END OF BUSWAY",Los Angeles County,Los Angeles,CA,USA,
07,010,BREAK IN ROUTE,Los Angeles County,Los Angeles,CA,USA,
07,010,"LOS ANGELES, SOTO STREET ",Los Angeles County,Los Angeles,CA,USA,218000
07,010,CITY TERRACE DRIVE ,Los Angeles County,Los Angeles,CA,USA,208000
07,010,"MONTEREY PARK, JCT. RTE. 710",Los Angeles County,Los Angeles,CA,USA,203000
07,010,"ALHAMBRA, FREMONT AVENUE ",Los Angeles County,Los Angeles,CA,USA,209000
07,010,"ALHAMBRA, ATLANTIC BOULEVARD ",Los Angeles County,Los Angeles,CA,USA,211000
07,010,"ALHAMBRA, GARFIELD AVENUE ",Los Angeles County,Los Angeles,CA,USA,221000
07,010,"MONTEREY PARK, NEW AVENUE ",Los Angeles County,Los Angeles,CA,USA,227000
07,010,"SOUTH SAN GABRIEL, DEL MAR AVENUE ",Los Angeles County,Los Angeles,CA,USA,225000
07,010,"ROSEMEAD, SAN GABRIEL BOULEVARD ",Los Angeles County,Los Angeles,CA,USA,220000
07,010,"ROSEMEAD, WALNUT GROVE AVENUE ",Los Angeles County,Los Angeles,CA,USA,219000
07,010,"EL MONTE, JCT. RTE. 164",Los Angeles County,Los Angeles,CA,USA,205000
07,010,"EL MONTE, TEMPLE CITY BLVD/BALDWIN AVE",Los Angeles County,Los Angeles,CA,USA,236000
07,010,"EL MONTE, SANTA ANITA AVENUE ",Los Angeles County,Los Angeles,CA,USA,233000
07,010,"EL MONTE, VALLEY BOULEVARD/PECK ROAD ",Los Angeles County,Los Angeles,CA,USA,222000
07,010,"EL MONTE, GARVEY AVENUE ",Los Angeles County,Los Angeles,CA,USA,235000
07,010,"BALDWIN PARK, JCT. RTE. 605",Los Angeles County,Los Angeles,CA,USA,222000
07,010,"BALDWIN PARK, BESS AVENUE/ FRAZIER STREET ",Los Angeles County,Los Angeles,CA,USA,202000
07,010,"BALDWIN PARK, BALDWIN PARK BOULEVARD ",Los Angeles County,Los Angeles,CA,USA,191000
07,010,"BALDWIN PARK, FRANCISQUITO AVENUE ",Los Angeles County,Los Angeles,CA,USA,172000
07,010,"BALDWIN PARK, PUENTE AVENUE ",Los Angeles County,Los Angeles,CA,USA,174000
07,010,"WEST COVINA, ORANGE/ PACIFIC AVENUES ",Los Angeles County,Los Angeles,CA,USA,187000
07,010,"WEST COVINA, CALIFORNIA/VINCENT AVENUES ",Los Angeles County,Los Angeles,CA,USA,200000
07,010,"WEST COVINA, AZUSA AVENUE ",Los Angeles County,Los Angeles,CA,USA,219000
07,010,"WEST COVINA, CITRUS STREET ",Los Angeles County,Los Angeles,CA,USA,221000
07,010,"WEST COVINA, BARRANCA STREET ",Los Angeles County,Los Angeles,CA,USA,224000
07,010,"WEST COVINA, GRAND AVENUE ",Los Angeles County,Los Angeles,CA,USA,215000
07,010,"WEST COVINA, HOLT AVENUE ",Los Angeles County,Los Angeles,CA,USA,217000
07,010,VIA VERDE ,Los Angeles County,Los Angeles,CA,USA,216000
07,010,"POMONA, JCT. RTES. 57/71",Los Angeles County,Los Angeles,CA,USA,266000
07,010,"POMONA, FAIRPLEX DRIVE ",Los Angeles County,Los Angeles,CA,USA,267000
07,010,"POMONA, DUDLEY STREET ",Los Angeles County,Los Angeles,CA,USA,268000
07,010,"POMONA, WHITE AVENUE ",Los Angeles County,Los Angeles,CA,USA,259000
07,010,"POMONA, GAREY AVENUE ",Los Angeles County,Los Angeles,CA,USA,273000
07,010,"POMONA, TOWNE AVENUE ",Los Angeles County,Los Angeles,CA,USA,278000
07,010,"POMONA, INDIAN HILL BOULEVARD ",Los Angeles County,Los Angeles,CA,USA,278000
07,010,LOS ANGELES/SAN BERNARDINO COUNTY LINE,Los Angeles County,Los Angeles,CA,USA,
07,014,NORTH JCT. RTE. 5,Los Angeles County,Los Angeles,CA,USA,7700
07,014,PLACERITA CYN RD,Los Angeles County,Los Angeles,CA,USA,18000
07,014,FRIENDLY VALLEY PARKWAY,Los Angeles County,Los Angeles,CA,USA,
07,014,SOUTH JCT. RTE. 5,Los Angeles County,Los Angeles,CA,USA,181000
07,014,"SANTA CLARITA, SAN FERNANDO ROAD ",Los Angeles County,Los Angeles,CA,USA,165000
07,014,"SANTA CLARITA, PLACERITA CANYON ROAD ",Los Angeles County,Los Angeles,CA,USA,155000
07,014,"SANTA CLARITA, GOLDEN VALLEY ROAD ",Los Angeles County,Los Angeles,CA,USA,153000
07,014,SIERRA HIGHWAY ,Los Angeles County,Los Angeles,CA,USA,119000
07,014,"SANTA CLARITA, SAND CANYON ROAD ",Los Angeles County,Los Angeles,CA,USA,108000
07,014,"SANTA CLARITA, SHADOW PINES BLVD/SOLEDAD RD ",Los Angeles County,Los Angeles,CA,USA,105000
07,014,AGUA DULCE CANYON ROAD ,Los Angeles County,Los Angeles,CA,USA,103000
07,014,ESCONDIDO CANYON ROAD ,Los Angeles County,Los Angeles,CA,USA,102000
07,014,WARD ROAD ,Los Angeles County,Los Angeles,CA,USA,104000
07,014,CROWN VALLEY ROAD ,Los Angeles County,Los Angeles,CA,USA,104000
07,014,SANTIAGO ROAD ,Los Angeles County,Los Angeles,CA,USA,105000
07,014,SOLEDAD CANYON ROAD/SIERRA HIGHWAY ,Los Angeles County,Los Angeles,CA,USA,105000
07,014,ANGELES FOREST HIGHWAY ,Los Angeles County,Los Angeles,CA,USA,80000
07,014,"PALMDALE, AVENUE S ",Los Angeles County,Los Angeles,CA,USA,84000
07,014,"PALMDALE, SOUTH JCT. RTE. 138",Los Angeles County,Los Angeles,CA,USA,89000
07,014,"PALMDALE, 10TH STREET WEST ",Los Angeles County,Los Angeles,CA,USA,89000
07,014,"PALMDALE, AVENUE N ",Los Angeles County,Los Angeles,CA,USA,94000
07,014,"LANCASTER, COLUMBIA WAY/AVENUE M ",Los Angeles County,Los Angeles,CA,USA,91000
07,014,"LANCASTER, AVENUE L ",Los Angeles County,Los Angeles,CA,USA,76000
07,014,"LANCASTER, AVENUE K ",Los Angeles County,Los Angeles,CA,USA,62000
07,014,"LANCASTER, AVENUE J-8/20TH STREET WEST ",Los Angeles County,Los Angeles,CA,USA,45000
07,014,"LANCASTER, AVENUE J ",Los Angeles County,Los Angeles,CA,USA,51000
07,014,"LANCASTER, AVENUE I ",Los Angeles County,Los Angeles,CA,USA,43500
07,014,"LANCASTER, AVENUE H ",Los Angeles County,Los Angeles,CA,USA,42000
07,014,AVENUE G ,Los Angeles County,Los Angeles,CA,USA,41500
07,014,AVENUE F ,Los Angeles County,Los Angeles,CA,USA,40000
07,014,NORTH JCT. RTE. 138,Los Angeles County,Los Angeles,CA,USA,37500
07,014,"AVENUE A, LOS ANGELES/KERN COUNTY LINE",Los Angeles County,Los Angeles,CA,USA,
07,018,SAN BERNARDINO/LOS ANGELES COUNTY LINE,Los Angeles County,Los Angeles,CA,USA,5200
07,018,JCT. RTE. 138,Los Angeles County,Los Angeles,CA,USA,
07,022,"LONG BEACH, JCT. RTE. 1",Los Angeles County,Los Angeles,CA,USA,62000
07,022,"LONG BEACH, BELLFLOWER BOULEVARD",Los Angeles County,Los Angeles,CA,USA,64000
07,022,"LONG BEACH, STUDEBAKER ROAD",Los Angeles County,Los Angeles,CA,USA,100000
07,022,LOS ANGELES/ORANGE COUNTY  LINE,Los Angeles County,Los Angeles,CA,USA,
07,023,JCT. RTE. 1,Los Angeles County,Los Angeles,CA,USA,510
07,023,SOUTH JUNCTION MULHOLLAND HIGHWAY,Los Angeles County,Los Angeles,CA,USA,1050
07,023,NORTH JUNCTION MULHOLLAND HIGHWAY,Los Angeles County,Los Angeles,CA,USA,2100
07,023,LOS ANGELES/VENTURA COUNTY LINE,Los Angeles County,Los Angeles,CA,USA,
07,027,JCT. RTE. 1,Los Angeles County,Los Angeles,CA,USA,15200
07,027,OLD TOPANGA CANYON ROAD,Los Angeles County,Los Angeles,CA,USA,16900
07,027,"LOS ANGELES, MULHOLLAND DRIVE",Los Angeles County,Los Angeles,CA,USA,26000
07,027,"LOS ANGELES, VENTURA BOULEVARD",Los Angeles County,Los Angeles,CA,USA,60000
07,027,"LOS ANGELES, JCT. RTE. 101",Los Angeles County,Los Angeles,CA,USA,52000
07,027,"LOS ANGELES, VANOWEN STREET",Los Angeles County,Los Angeles,CA,USA,39000
07,027,"LOS ANGELES, SHERMAN WAY",Los Angeles County,Los Angeles,CA,USA,37500
07,027,"LOS ANGELES, ROSCOE BOULEVARD",Los Angeles County,Los Angeles,CA,USA,46000
07,027,"LOS ANGELES, DEVONSHIRE STREET",Los Angeles County,Los Angeles,CA,USA,40000
07,027,"LOS ANGELES, JCT. RTE. 118",Los Angeles County,Los Angeles,CA,USA,
12,039,ROSECRANS AVE,Los Angeles County,Los Angeles,CA,USA,44000
07,039,SAN GABRIEL RIVER BRIDGE,Los Angeles County,Los Angeles,CA,USA,2350
07,039,MORRIS DAM ROAD,Los Angeles County,Los Angeles,CA,USA,2100
07,039,EAST FORK ROAD,Los Angeles County,Los Angeles,CA,USA,1850
07,039,COLD BROOK RANGER STATION,Los Angeles County,Los Angeles,CA,USA,220
07,039,CRYSTAL LAKE ROAD,Los Angeles County,Los Angeles,CA,USA,110
07,039,"ISLIP SADDLE, JCT. RTE. 2",Los Angeles County,Los Angeles,CA,USA,
07,047,"LOS ANGELES, JCT. RTE. 110",Los Angeles County,Los Angeles,CA,USA,53000
07,047,"LOS ANGELES, HARBOR BOULEVARD",Los Angeles County,Los Angeles,CA,USA,53000
07,047,"LOS ANGELES, VINCENT THOMAS BRIDGE",Los Angeles County,Los Angeles,CA,USA,13800
07,047,"LONG BEACH, OCEAN BOULEVARD",Los Angeles County,Los Angeles,CA,USA,13800
07,047,"LONG BEACH, NEW DOCK STREET",Los Angeles County,Los Angeles,CA,USA,16900
07,047,"LONG BEACH, HEIM LIFT BRIDGE",Los Angeles County,Los Angeles,CA,USA,16900
07,047,"LOS ANGELES, JCT. RTE. 103",Los Angeles County,Los Angeles,CA,USA,
07,057,ORANGE/LOS ANGELES COUNTY LINE,Los Angeles County,Los Angeles,CA,USA,212000
07,057,"DIAMOND BAR, BREA CANYON ROAD ",Los Angeles County,Los Angeles,CA,USA,219000
07,057,"DIAMOND BAR, DIAMOND BAR BOULEVARD ",Los Angeles County,Los Angeles,CA,USA,205000
07,057,"DIAMOND BAR, PATHFINDER ROAD ",Los Angeles County,Los Angeles,CA,USA,208000
07,057,"DIAMOND BAR, BEGIN RIGHT ALIGN",Los Angeles County,Los Angeles,CA,USA,104000
07,057,"DIAMOND BAR, N JCT. RTE. 60, END RIGHT ALIGN",Los Angeles County,Los Angeles,CA,USA,
07,057,"DIAMOND BAR, BEGIN LEFT ALIGN",Los Angeles County,Los Angeles,CA,USA,104000
07,057,"DIAMOND BAR, S JCT. RTE. 60, END LEFT ALIGN",Los Angeles County,Los Angeles,CA,USA,
07,057,"DIAMOND BAR, SUNSET CROSSING ROAD ",Los Angeles County,Los Angeles,CA,USA,145000
07,057,"POMONA, TEMPLE AVENUE ",Los Angeles County,Los Angeles,CA,USA,157000
07,057,"POMONA, JCT. RTES. 10/71",Los Angeles County,Los Angeles,CA,USA,171000
07,057,"POMONA, VIA VERDE/RAGING WATERS DRIVE ",Los Angeles County,Los Angeles,CA,USA,171000
07,057,"SAN DIMAS, COVINA AVENUE ",Los Angeles County,Los Angeles,CA,USA,161000
07,057,"SAN DIMAS, ARROW HIGHWAY ",Los Angeles County,Los Angeles,CA,USA,151000
07,057,"GLENDORA, BEGIN RIGHT ALIGN",Los Angeles County,Los Angeles,CA,USA,76000
07,057,"GLENDORA, JCT. RTE. 210",Los Angeles County,Los Angeles,CA,USA,76000
07,057,"GLENDORA, END RIGHT ALIGN",Los Angeles County,Los Angeles,CA,USA,
07,057,"GLENDORA, BEGIN LEFT ALIGN",Los Angeles County,Los Angeles,CA,USA,76000
07,057,"GLENDORA, END LEFT ALIGN",Los Angeles County,Los Angeles,CA,USA,
07,060,"LOS ANGELES, JCT. RTE. 10",Los Angeles County,Los Angeles,CA,USA,180000
07,060,"LOS ANGELES, JCT. RTE. 5",Los Angeles County,Los Angeles,CA,USA,217000
07,060,"LOS ANGELES, LORENA STREET ",Los Angeles County,Los Angeles,CA,USA,223000
07,060,"LOS ANGELES, INDIANA STREET ",Los Angeles County,Los Angeles,CA,USA,239000
07,060,THIRD STREET/DOWNEY ROAD ,Los Angeles County,Los Angeles,CA,USA,241000
07,060,JCT. RTE. 710,Los Angeles County,Los Angeles,CA,USA,261000
07,060,"MONTEREY PARK, ATLANTIC BOULEVARD ",Los Angeles County,Los Angeles,CA,USA,250000
07,060,"MONTEBELLO, FINDLAY/ GARFIELD/WILCOX AVE",Los Angeles County,Los Angeles,CA,USA,232000
07,060,"MONTEBELLO, PARAMOUNT BOULEVARD ",Los Angeles County,Los Angeles,CA,USA,222000
07,060,"ROSEMEAD, SAN GABRIEL BOULEVARD ",Los Angeles County,Los Angeles,CA,USA,232000
07,060,"SOUTH EL MONTE, JCT. RTE. 164",Los Angeles County,Los Angeles,CA,USA,241000
07,060,"SOUTH EL MONTE, SANTA ANITA AVENUE ",Los Angeles County,Los Angeles,CA,USA,242000
07,060,"SOUTH EL MONTE, PECK ROAD/DURFEE AVENUE ",Los Angeles County,Los Angeles,CA,USA,238000
07,060,"INDUSTRY, JCT. RTE. 605",Los Angeles County,Los Angeles,CA,USA,257000
07,060,"INDUSTRY, CROSSROADS PARKWAY ",Los Angeles County,Los Angeles,CA,USA,261000
07,060,"HACIENDA HEIGHTS, SEVENTH AVENUE ",Los Angeles County,Los Angeles,CA,USA,245000
07,060,"HACIENDA HEIGHTS, HACIENDA BOULEVARD ",Los Angeles County,Los Angeles,CA,USA,240000
07,060,"INDUSTRY, AZUSA AVENUE ",Los Angeles County,Los Angeles,CA,USA,327000
07,060,"INDUSTRY, FULLERTON ROAD ",Los Angeles County,Los Angeles,CA,USA,392000
07,060,"ROWLAND HEIGHTS, NOGALES STREET",Los Angeles County,Los Angeles,CA,USA,461000
07,060,"INDUSTRY, FAIRWAY DRIVE ",Los Angeles County,Los Angeles,CA,USA,429000
07,060,"DIAMOND BAR, BREA CANYON ROAD ",Los Angeles County,Los Angeles,CA,USA,418000
07,060,"DIAMOND BAR, JCT. RTE. 57 SOUTH",Los Angeles County,Los Angeles,CA,USA,405000
07,060,"DIAMOND BAR, GRAND AVENUE ",Los Angeles County,Los Angeles,CA,USA,375000
07,060,"DIAMOND BAR, JCT. RTE. 57 NORTH",Los Angeles County,Los Angeles,CA,USA,247000
07,060,"POMONA, PHILLIPS RANCH ROAD ",Los Angeles County,Los Angeles,CA,USA,235000
07,060,"POMONA, JCT. RTE. 71",Los Angeles County,Los Angeles,CA,USA,235000
07,060,"POMONA, RESERVOIR STREET ",Los Angeles County,Los Angeles,CA,USA,224000
07,060,LOS ANGELES/SAN BERNARDINO COUNTY LINE,Los Angeles County,Los Angeles,CA,USA,
07,066,"LA VERNE, BASELINE ROAD",Los Angeles County,Los Angeles,CA,USA,19300
07,066,"LA VERNE, JCT. RTE. 210",Los Angeles County,Los Angeles,CA,USA,25000
07,066,"LA VERNE, FRUIT STREET/WHITE AVENUE",Los Angeles County,Los Angeles,CA,USA,22000
07,066,"POMONA, GAREY AVENUE",Los Angeles County,Los Angeles,CA,USA,21800
07,066,"CLAREMONT, TOWNE AVENUE",Los Angeles County,Los Angeles,CA,USA,23700
07,066,RIALTO/SAN BERNARDINO CITY LIMITS (PEPPER AVENUE),Los Angeles County,Los Angeles,CA,USA,
07,071,"POMONA, JCT. RTES. 10/57, BEGIN RIGHT ALIGN",Los Angeles County,Los Angeles,CA,USA,45500
07,071,"POMONA, END RIGHT ALIGN",Los Angeles County,Los Angeles,CA,USA,
07,071,"POMONA, JCT. RTES. 10/57, BEGIN LEFT ALIGN",Los Angeles County,Los Angeles,CA,USA,45500
07,071,"POMONA, END LEFT ALIGN",Los Angeles County,Los Angeles,CA,USA,
07,071,"POMONA, VALLEY BOULEVARD ",Los Angeles County,Los Angeles,CA,USA,92000
07,071,"POMONA, POMONA BOULEVARD ",Los Angeles County,Los Angeles,CA,USA,93000
07,071,"POMONA, MISSION BOULEVARD",Los Angeles County,Los Angeles,CA,USA,77000
07,071,"POMONA, NINTH STREET",Los Angeles County,Los Angeles,CA,USA,80000
07,071,"POMONA, RIO RANCHO ROAD ",Los Angeles County,Los Angeles,CA,USA,78000
07,071,"POMONA, JCT. RTE. 60",Los Angeles County,Los Angeles,CA,USA,101000
07,071,LOS ANGELES/SAN BERNARDINO COUNTY LINE,Los Angeles County,Los Angeles,CA,USA,
07,072,ORANGE/LOS ANGELES COUNTY LINE,Los Angeles County,Los Angeles,CA,USA,26500
07,072,"WHITTIER, SANTA GERTRUDES AVENUE",Los Angeles County,Los Angeles,CA,USA,36500
07,072,"WHITTIER, COLIMA ROAD",Los Angeles County,Los Angeles,CA,USA,42500
07,072,"WHITTIER, PAINTER AVENUE",Los Angeles County,Los Angeles,CA,USA,39500
07,072,"WHITTIER, SANTA FE SPRINGS RD/WASHINGTON BLVD",Los Angeles County,Los Angeles,CA,USA,26500
07,072,"WHITTIER, NORWALK BOULEVARD",Los Angeles County,Los Angeles,CA,USA,41000
07,072,"WHITTIER, JCT. RTE. 605",Los Angeles County,Los Angeles,CA,USA,33000
07,072,"WHITTIER, PIONEER BOULEVARD",Los Angeles County,Los Angeles,CA,USA,33000
07,072,ESPERANZA AVE RT,Los Angeles County,Los Angeles,CA,USA,
07,090,"LOS ANGELES, JCT. RTE. 1",Los Angeles County,Los Angeles,CA,USA,34500
07,090,"LOS ANGELES, MINDANAO WAY",Los Angeles County,Los Angeles,CA,USA,59000
07,090,"LOS ANGELES, CULVER BOULEVARD",Los Angeles County,Los Angeles,CA,USA,77000
07,090,"LOS ANGELES, CENTINELA AVENUE",Los Angeles County,Los Angeles,CA,USA,93000
07,090,"CULVER CITY, JCT. RTE. 405",Los Angeles County,Los Angeles,CA,USA,37500
07,090,"CULVER CITY, SLAUSON AVENUE, LA/ORA COUNTY LINE",Los Angeles County,Los Angeles,CA,USA,
07,091,"LOS ANGELES, VERMONT AVENUE",Los Angeles County,Los Angeles,CA,USA,64000
07,091,"LOS ANGELES, JCT. RTE. 110",Los Angeles County,Los Angeles,CA,USA,197000
07,091,"CARSON, AVALON BOULEVARD ",Los Angeles County,Los Angeles,CA,USA,201000
07,091,"COMPTON, CENTRAL AVENUE ",Los Angeles County,Los Angeles,CA,USA,205000
07,091,"COMPTON, WILMINGTON AVENUE ",Los Angeles County,Los Angeles,CA,USA,212000
07,091,"COMPTON, ALAMEDA STREET",Los Angeles County,Los Angeles,CA,USA,212000
07,091,"COMPTON, ALAMEDA STREET/SANTA FE AVENUE ",Los Angeles County,Los Angeles,CA,USA,220000
07,091,"LONG BEACH, LONG BEACH BOULEVARD ",Los Angeles County,Los Angeles,CA,USA,221000
07,091,"LONG BEACH, JCT. RTE. 710",Los Angeles County,Los Angeles,CA,USA,273000
07,091,"LONG BEACH, CHERRY AVENUE ",Los Angeles County,Los Angeles,CA,USA,277000
07,091,"LONG BEACH, PARAMOUNT BOULEVARD ",Los Angeles County,Los Angeles,CA,USA,273000
07,091,"LONG BEACH, DOWNEY AVENUE ",Los Angeles County,Los Angeles,CA,USA,271000
07,091,"BELLFLOWER, JCT. RTE. 19",Los Angeles County,Los Angeles,CA,USA,259000
07,091,"BELLFLOWER, CLARK AVENUE ",Los Angeles County,Los Angeles,CA,USA,273000
07,091,"BELLFLOWER, BELLFLOWER BOULEVARD ",Los Angeles County,Los Angeles,CA,USA,270000
07,091,"CERRITOS, JCT. RTE. 605",Los Angeles County,Los Angeles,CA,USA,288000
07,091,"ARTESIA, PIONEER BOULEVARD ",Los Angeles County,Los Angeles,CA,USA,279000
07,091,"CERRITOS, NORWALK BOULEVARD ",Los Angeles County,Los Angeles,CA,USA,277000
07,091,"CERRITOS, BLOOMFIELD AVENUE ",Los Angeles County,Los Angeles,CA,USA,255000
07,091,"CERRITOS, ARTESIA AVENUE ",Los Angeles County,Los Angeles,CA,USA,253000
07,091,"CERRITOS, CARMENITA AVENUE ",Los Angeles County,Los Angeles,CA,USA,248000
07,091,LOS ANGELES/ORANGE COUNTY LINE,Los Angeles County,Los Angeles,CA,USA,
07,101,"LOS ANGELES, JCT. RTE. 5",Los Angeles County,Los Angeles,CA,USA,136000
07,101,"LOS ANGELES, FOURTH STREET ",Los Angeles County,Los Angeles,CA,USA,123000
07,101,"LOS ANGELES, FIRST STREET ",Los Angeles County,Los Angeles,CA,USA,122000
07,101,"LOS ANGELES, JCT. RTE. 10",Los Angeles County,Los Angeles,CA,USA,
07,101,"LOS ANGELES, JCT. RTE. 10",Los Angeles County,Los Angeles,CA,USA,211000
07,101,"LOS ANGELES, VIGNES STREET ",Los Angeles County,Los Angeles,CA,USA,208000
07,101,"LOS ANGELES, ALAMEDA/ LOS ANGELES STREET",Los Angeles County,Los Angeles,CA,USA,200000
07,101,"LOS ANGELES, SPRING STREET ",Los Angeles County,Los Angeles,CA,USA,217000
07,101,"LOS ANGELES, JCT. RTE. 110",Los Angeles County,Los Angeles,CA,USA,264000
07,101,"LOS ANGELES, GLENDALE BOULEVARD ",Los Angeles County,Los Angeles,CA,USA,258000
07,101,"LOS ANGELES, JCT. RTE. 2 NORTHEAST",Los Angeles County,Los Angeles,CA,USA,266000
07,101,"LOS ANGELES, BENTON WAY/RAMPART STREET",Los Angeles County,Los Angeles,CA,USA,260000
07,101,"LOS ANGELES, SILVER LAKE BOULEVARD ",Los Angeles County,Los Angeles,CA,USA,254000
07,101,"LOS ANGELES, VERMONT AVENUE ",Los Angeles County,Los Angeles,CA,USA,233000
07,101,"LOS ANGELES, MELROSE AVENUE ",Los Angeles County,Los Angeles,CA,USA,223000
07,101,"LOS ANGELES, JCT. RTE. 2 WEST",Los Angeles County,Los Angeles,CA,USA,196000
07,101,"LOS ANGELES, WESTERN AVENUE ",Los Angeles County,Los Angeles,CA,USA,217000
07,101,"LOS ANGELES, SUNSET/HOLLYWOOD BOULEVARD",Los Angeles County,Los Angeles,CA,USA,196000
07,101,"LOS ANGELES, GOWER STREET/ARGYLE AVENUE ",Los Angeles County,Los Angeles,CA,USA,208000
07,101,"LOS ANGELES, CAHUENGA BOULEVARD ",Los Angeles County,Los Angeles,CA,USA,226000
07,101,"LOS ANGELES, HIGHLAND AVENUE ",Los Angeles County,Los Angeles,CA,USA,269000
07,101,"LOS ANGELES, BARHAM BOULEVARD ",Los Angeles County,Los Angeles,CA,USA,248000
07,101,"LOS ANGELES, LANKERSHIM/VENTURA BOULEVARD ",Los Angeles County,Los Angeles,CA,USA,247000
07,101,"LOS ANGELES, VINELAND AVENUE ",Los Angeles County,Los Angeles,CA,USA,237000
07,101,"LOS ANGELES, JCT. RTES. 134/170, RIGHT ALIGN",Los Angeles County,Los Angeles,CA,USA,137000
07,101,"LOS ANGELES, JCT. RTES. 134/170, LEFT ALIGN",Los Angeles County,Los Angeles,CA,USA,137000
07,101,"LOS ANGELES, LAUREL CANYON BOULEVARD ",Los Angeles County,Los Angeles,CA,USA,274000
07,101,"LOS ANGELES, COLDWATER CANYON AVENUE ",Los Angeles County,Los Angeles,CA,USA,277000
07,101,"LOS ANGELES, WOODMAN AVENUE ",Los Angeles County,Los Angeles,CA,USA,286000
07,101,"LOS ANGELES, VAN NUYS BOULEVARD ",Los Angeles County,Los Angeles,CA,USA,300000
07,101,"LOS ANGELES, JCT. RTE. 405, RIGHT ALIGN",Los Angeles County,Los Angeles,CA,USA,159000
07,101,"LOS ANGELES, JCT. RTE. 405, LEFT ALIGN",Los Angeles County,Los Angeles,CA,USA,159000
07,101,"LOS ANGELES, HAVENHURST AVENUE ",Los Angeles County,Los Angeles,CA,USA,305000
07,101,"LOS ANGELES, BALBOA BOULEVARD ",Los Angeles County,Los Angeles,CA,USA,304000
07,101,"LOS ANGELES, WHITE OAK AVENUE ",Los Angeles County,Los Angeles,CA,USA,293000
07,101,"LOS ANGELES, RESEDA BOULEVARD ",Los Angeles County,Los Angeles,CA,USA,284000
07,101,"LOS ANGELES, TAMPA AVENUE ",Los Angeles County,Los Angeles,CA,USA,272000
07,101,"LOS ANGELES, WINNETKA AVENUE ",Los Angeles County,Los Angeles,CA,USA,272000
07,101,"LOS ANGELES, DE SOTO AVENUE ",Los Angeles County,Los Angeles,CA,USA,256000
07,101,"LOS ANGELES, CANOGA AVENUE ",Los Angeles County,Los Angeles,CA,USA,228000
07,101,"LOS ANGELES, JCT. RTE. 27",Los Angeles County,Los Angeles,CA,USA,205000
07,101,"LOS ANGELES, VENTURA BOULEVARD ",Los Angeles County,Los Angeles,CA,USA,202000
07,101,"LOS ANGELES, WOODLAKE AVENUE ",Los Angeles County,Los Angeles,CA,USA,208000
07,101,"LOS ANGELES, MULHOLLAND DRIVE ",Los Angeles County,Los Angeles,CA,USA,193000
07,101,"CALABASAS, PARKWAY CALABASAS ",Los Angeles County,Los Angeles,CA,USA,182000
07,101,"CALABASAS, LAS VIRGENES CANYON ROAD ",Los Angeles County,Los Angeles,CA,USA,162000
07,101,"CALABASAS, LOST HILLS ROAD ",Los Angeles County,Los Angeles,CA,USA,166000
07,101,"AGOURA HILLS, LIBERTY CANYON ROAD ",Los Angeles County,Los Angeles,CA,USA,168000
07,101,"AGOURA HILLS, CHESEBRO/PALO COMADO CANYON RD",Los Angeles County,Los Angeles,CA,USA,162000
07,101,"AGOURA HILLS, KANAN ROAD ",Los Angeles County,Los Angeles,CA,USA,160000
07,101,"AGOURA HILLS, REYES ADOBE ROAD ",Los Angeles County,Los Angeles,CA,USA,160000
07,101,"WESTLAKE VILLAGE, LINDERO CANYON ROAD ",Los Angeles County,Los Angeles,CA,USA,168000
07,101,LOS ANGELES/VENTURA COUNTY LINE,Los Angeles County,Los Angeles,CA,USA,
07,103,JCT. RTE. 47,Los Angeles County,Los Angeles,CA,USA,16900
07,103,"LOS ANGELES, HENRY FORD BOULEVARD ",Los Angeles County,Los Angeles,CA,USA,5100
07,103,"LOS ANGELES, ANAHEIM STREET ",Los Angeles County,Los Angeles,CA,USA,10900
07,103,"LOS ANGELES, JCT. RTE. 1",Los Angeles County,Los Angeles,CA,USA,
07,105,"LOS ANGELES, LA INTERNATIONAL AIRPORT",Los Angeles County,Los Angeles,CA,USA,61000
07,105,"LOS ANGELES, JCT. RTE. 1",Los Angeles County,Los Angeles,CA,USA,119000
07,105,"LOS ANGELES, DOUGLAS STREET ",Los Angeles County,Los Angeles,CA,USA,152000
07,105,"LOS ANGELES, JCT. RTE. 405",Los Angeles County,Los Angeles,CA,USA,226000
07,105,"HAWTHORNE, HAWTHORNE BOULEVARD ",Los Angeles County,Los Angeles,CA,USA,246000
07,105,"INGLEWOOD, CRENSHAW BOULEVARD ",Los Angeles County,Los Angeles,CA,USA,271000
07,105,"LOS ANGELES, VERMONT AVENUE ",Los Angeles County,Los Angeles,CA,USA,251000
07,105,"LOS ANGELES, JCT. RTE. 110",Los Angeles County,Los Angeles,CA,USA,246000
07,105,"LOS ANGELES, CENTRAL AVENUE ",Los Angeles County,Los Angeles,CA,USA,230000
07,105,"WILLOWBROOK, WILMINGTON AVENUE ",Los Angeles County,Los Angeles,CA,USA,224000
07,105,"LYNWOOD, LONG BEACH BOULEVARD ",Los Angeles County,Los Angeles,CA,USA,205000
07,105,"LYNWOOD, JCT. RTE. 710",Los Angeles County,Los Angeles,CA,USA,197000
07,105,"SOUTHGATE, PARAMOUNT BOULEVARD ",Los Angeles County,Los Angeles,CA,USA,220000
07,105,"DOWNEY, LAKEWOOD BOULEVARD ",Los Angeles County,Los Angeles,CA,USA,215000
07,105,"DOWNEY, BELLFLOWER. BOULEVARD ",Los Angeles County,Los Angeles,CA,USA,215000
07,105,"NORWALK, JCT. RTE. 605",Los Angeles County,Los Angeles,CA,USA,19700
07,105,"NORWALK, STUDEBAKER ROAD",Los Angeles County,Los Angeles,CA,USA,
07,107,"TORRANCE, JCT. RTE. 1",Los Angeles County,Los Angeles,CA,USA,42500
07,107,"TORRANCE, LOMITA BOULEVARD",Los Angeles County,Los Angeles,CA,USA,61000
07,107,"TORRANCE, SEPULVEDA BOULEVARD",Los Angeles County,Los Angeles,CA,USA,60000
07,107,"TORRANCE, CARSON STREET",Los Angeles County,Los Angeles,CA,USA,66000
07,107,"TORRANCE, TORRANCE BOULEVARD",Los Angeles County,Los Angeles,CA,USA,69000
07,107,"TORRANCE, DEL AMO BOULEVARD",Los Angeles County,Los Angeles,CA,USA,67000
07,107,"TORRANCE, 190TH STREET",Los Angeles County,Los Angeles,CA,USA,70000
07,107,"TORRANCE, ARTESIA BOULEVARD",Los Angeles County,Los Angeles,CA,USA,47500
07,107,"REDONDO BEACH, REDONDO BEACH BOULEVARD",Los Angeles County,Los Angeles,CA,USA,47500
07,107,"REDONDO BEACH, END OF ROUTE",Los Angeles County,Los Angeles,CA,USA,
07,110,"LOS ANGELES, GAFFEY STREET",Los Angeles County,Los Angeles,CA,USA,52000
07,110,"LOS ANGELES, JCT. RTE. 47",Los Angeles County,Los Angeles,CA,USA,71000
07,110,"LOS ANGELES, CHANNEL STREET ",Los Angeles County,Los Angeles,CA,USA,87000
07,110,"LOS ANGELES, C STREET ",Los Angeles County,Los Angeles,CA,USA,88000
07,110,"LOS ANGELES, ANAHEIM STREET ",Los Angeles County,Los Angeles,CA,USA,96000
07,110,"LOS ANGELES, JCT. RTE. 1",Los Angeles County,Los Angeles,CA,USA,139000
07,110,"CARSON, SEPULVEDA BOULEVARD ",Los Angeles County,Los Angeles,CA,USA,180000
07,110,"CARSON, CARSON STREET ",Los Angeles County,Los Angeles,CA,USA,208000
07,110,"CARSON, TORRANCE/DEL AMO BOULEVARD",Los Angeles County,Los Angeles,CA,USA,220000
07,110,"CARSON, JCT. RTE. 405",Los Angeles County,Los Angeles,CA,USA,271000
07,110,"LOS ANGELES, JCT. RTE. 91",Los Angeles County,Los Angeles,CA,USA,242000
07,110,"LOS ANGELES, REDONDO BEACH BOULEVARD ",Los Angeles County,Los Angeles,CA,USA,251000
07,110,"LOS ANGELES, ROSECRANS AVENUE ",Los Angeles County,Los Angeles,CA,USA,262000
07,110,"LOS ANGELES, EL SEGUNDO BOULEVARD ",Los Angeles County,Los Angeles,CA,USA,267000
07,110,"LOS ANGELES, JCT. RTE. 105",Los Angeles County,Los Angeles,CA,USA,293000
07,110,"LOS ANGELES, CENTURY BOULEVARD ",Los Angeles County,Los Angeles,CA,USA,315000
07,110,"LOS ANGELES, MANCHESTER AVENUE ",Los Angeles County,Los Angeles,CA,USA,305000
07,110,"LOS ANGELES, FLORENCE AVENUE ",Los Angeles County,Los Angeles,CA,USA,309000
07,110,"LOS ANGELES, GAGE AVENUE ",Los Angeles County,Los Angeles,CA,USA,308000
07,110,"LOS ANGELES, SLAUSON AVENUE ",Los Angeles County,Los Angeles,CA,USA,297000
07,110,"LOS ANGELES, 51ST STREET ",Los Angeles County,Los Angeles,CA,USA,306000
07,110,"LOS ANGELES, VERNON AVENUE ",Los Angeles County,Los Angeles,CA,USA,307000
07,110,"LOS ANGELES, MARTIN LUTHER KING JR. BOULEVARD ",Los Angeles County,Los Angeles,CA,USA,278000
07,110,"LOS ANGELES, EXPOSITION BOULEVARD ",Los Angeles County,Los Angeles,CA,USA,270000
07,110,"LOS ANGELES, JCT. RTE. 10",Los Angeles County,Los Angeles,CA,USA,279000
07,110,"LOS ANGELES, OLYMPIC BOULEVARD ",Los Angeles County,Los Angeles,CA,USA,291000
07,110,"LOS ANGELES, 8TH/9TH STREET ",Los Angeles County,Los Angeles,CA,USA,278000
07,110,"LOS ANGELES, 5TH/6TH STREET ",Los Angeles County,Los Angeles,CA,USA,291000
07,110,"LOS ANGELES, 3RD/4TH STREET ",Los Angeles County,Los Angeles,CA,USA,278000
07,110,"LOS ANGELES, JCT. RTE. 101",Los Angeles County,Los Angeles,CA,USA,161000
07,110,"LOS ANGELES, FIGUEROA ST/SUNSET BOULEVARD ",Los Angeles County,Los Angeles,CA,USA,170000
07,110,"LOS ANGELES, HILL STREET/STADIUM WAY ",Los Angeles County,Los Angeles,CA,USA,185000
07,110,"LOS ANGELES, SOLANO AVENUE, RIGHT ALIGN",Los Angeles County,Los Angeles,CA,USA,91500
07,110,"LOS ANGELES, SOLANO AVENUE, LEFT ALIGN ",Los Angeles County,Los Angeles,CA,USA,91500
07,110,"LOS ANGELES, JCT. RTE. 5",Los Angeles County,Los Angeles,CA,USA,123000
07,110,"LOS ANGELES, AVENUE 43 ",Los Angeles County,Los Angeles,CA,USA,118000
07,110,"LOS ANGELES, AVENUE 52 ",Los Angeles County,Los Angeles,CA,USA,109000
07,110,"LOS ANGELES, AVENUE 57/HERMON AVENUE ",Los Angeles County,Los Angeles,CA,USA,99000
07,110,"LOS ANGELES, AVENUE 60 ",Los Angeles County,Los Angeles,CA,USA,99000
07,110,"LOS ANGELES, AVENUE 64 ",Los Angeles County,Los Angeles,CA,USA,81000
07,110,"LOS ANGELES, YORK BOULEVARD ",Los Angeles County,Los Angeles,CA,USA,80000
07,110,"SOUTH PASADENA, BRIDEWELL STREET ",Los Angeles County,Los Angeles,CA,USA,79000
07,110,"SOUTH PASADENA, ORANGE GROVE AVENUE ",Los Angeles County,Los Angeles,CA,USA,59000
07,110,"SOUTH PASADENA, FAIR OAKS AVENUE ",Los Angeles County,Los Angeles,CA,USA,43500
07,110,"PASADENA, GLENARM STREET",Los Angeles County,Los Angeles,CA,USA,43500
07,110,"PASADENA, END OF ROUTE",Los Angeles County,Los Angeles,CA,USA,
07,118,VENTURA/LOS ANGELES COUNTY LINE,Los Angeles County,Los Angeles,CA,USA,118000
07,118,"LOS ANGELES, JCT. RTE. 27",Los Angeles County,Los Angeles,CA,USA,137000
07,118,"LOS ANGELES, DE SOTO AVENUE ",Los Angeles County,Los Angeles,CA,USA,163000
07,118,"LOS ANGELES, PORTER RANCH DR/WINNETKA AVE",Los Angeles County,Los Angeles,CA,USA,165000
07,118,"LOS ANGELES, TAMPA AVENUE ",Los Angeles County,Los Angeles,CA,USA,200000
07,118,"LOS ANGELES, RESEDA BOULEVARD ",Los Angeles County,Los Angeles,CA,USA,224000
07,118,"LOS ANGELES, WHITE OAK AVENUE ",Los Angeles County,Los Angeles,CA,USA,224000
07,118,"LOS ANGELES, BALBOA BOULEVARD ",Los Angeles County,Los Angeles,CA,USA,236000
07,118,"LOS ANGELES, HAYVENHURST AVENUE ",Los Angeles County,Los Angeles,CA,USA,252000
07,118,"LOS ANGELES, WOODLEY AVENUE ",Los Angeles County,Los Angeles,CA,USA,245000
07,118,"LOS ANGELES, JCT. RTE. 405",Los Angeles County,Los Angeles,CA,USA,244000
07,118,BEGIN RIGHT ALIGN,Los Angeles County,Los Angeles,CA,USA,122000
07,118,"LOS ANGELES, JCT. RTE. 5",Los Angeles County,Los Angeles,CA,USA,82000
07,118,"LOS ANGELES, END RIGHT ALIGN",Los Angeles County,Los Angeles,CA,USA,
07,118,"LOS ANGELES, BEGIN LEFT ALIGN",Los Angeles County,Los Angeles,CA,USA,82000
07,118,"LOS ANGELES, END LEFT ALIGN",Los Angeles County,Los Angeles,CA,USA,
07,118,"LOS ANGELES, SAN FERNANDO ROAD ",Los Angeles County,Los Angeles,CA,USA,149000
07,118,"LOS ANGELES, GLENOAKS BOULEVARD ",Los Angeles County,Los Angeles,CA,USA,115000
07,118,"LOS ANGELES, JCT. RTE. 210",Los Angeles County,Los Angeles,CA,USA,
07,126,VENTURA/LOS ANGELES COUNTY LINE,Los Angeles County,Los Angeles,CA,USA,22600
07,126,WOLCOTT WAY,Los Angeles County,Los Angeles,CA,USA,25500
07,126,COMMERCE CENTER DRIVE,Los Angeles County,Los Angeles,CA,USA,36500
07,126,THE OLD ROAD ,Los Angeles County,Los Angeles,CA,USA,36500
07,126,"SANTA CLARITA, NORTH JCT. RTE. 5",Los Angeles County,Los Angeles,CA,USA,28000
07,126,"SANTA CLARITA, SOUTH JCT. RTE. 5",Los Angeles County,Los Angeles,CA,USA,28000
07,126,"SANTA CLARITA, TOURNEY ROAD (END OF ROUTE)",Los Angeles County,Los Angeles,CA,USA,
07,134,"LOS ANGELES, JCT. RTES. 101/170",Los Angeles County,Los Angeles,CA,USA,190000
07,134,"LOS ANGELES, LANKERSHIM BOULEVARD ",Los Angeles County,Los Angeles,CA,USA,198000
07,134,"LOS ANGELES, CAHUENGA BOULEVARD ",Los Angeles County,Los Angeles,CA,USA,216000
07,134,"BURBANK, HOLLYWOOD WAY ",Los Angeles County,Los Angeles,CA,USA,213000
07,134,"BURBANK, RIVERSIDE DRIVE ",Los Angeles County,Los Angeles,CA,USA,217000
07,134,"LOS ANGELES, FOREST LAWN DRIVE ",Los Angeles County,Los Angeles,CA,USA,234000
07,134,"LOS ANGELES, VICTORY BLVD/RIVERSIDE DR",Los Angeles County,Los Angeles,CA,USA,219000
07,134,BEGIN RIGHT ALIGN,Los Angeles County,Los Angeles,CA,USA,109500
07,134,"LOS ANGELES, JCT. RTE. 5",Los Angeles County,Los Angeles,CA,USA,118500
07,134,"LOS ANGELES, END RIGHT ALIGN",Los Angeles County,Los Angeles,CA,USA,
07,134,BEGIN LEFT ALIGN,Los Angeles County,Los Angeles,CA,USA,109500
07,134,"LOS ANGELES, JCT. RTE. 5",Los Angeles County,Los Angeles,CA,USA,118500
07,134,END LEFT ALIGN,Los Angeles County,Los Angeles,CA,USA,
07,134,"LOS ANGELES, JCT. RTE. 5",Los Angeles County,Los Angeles,CA,USA,237000
07,134,"GLENDALE, CONCORD ST/SAN FERNANDO RD ",Los Angeles County,Los Angeles,CA,USA,242000
07,134,"GLENDALE, PACIFIC AVENUE ",Los Angeles County,Los Angeles,CA,USA,240000
07,134,"GLENDALE, BRAND BOULEVARD ",Los Angeles County,Los Angeles,CA,USA,239000
07,134,"GLENDALE, GLENDALE AVENUE ",Los Angeles County,Los Angeles,CA,USA,234000
07,134,"GLENDALE, VERDUGO ROAD UC",Los Angeles County,Los Angeles,CA,USA,234000
07,134,"GLENDALE, JCT. RTE. 2",Los Angeles County,Los Angeles,CA,USA,205000
07,134,"LOS ANGELES, EAGLE ROCK/FIGUEROA STREET",Los Angeles County,Los Angeles,CA,USA,214000
07,134,"PASADENA, SAN RAFAEL AVENUE ",Los Angeles County,Los Angeles,CA,USA,220000
07,134,"PASADENA, ORANGE GROVE BOULEVARD ",Los Angeles County,Los Angeles,CA,USA,220000
07,134,"PASADENA, JCT. RTES. 210/710",Los Angeles County,Los Angeles,CA,USA,
07,138,"JCT. RTE. 5, BEGIN RIGHT ALIGN",Los Angeles County,Los Angeles,CA,USA,2225
07,138,END RIGHT ALIGN,Los Angeles County,Los Angeles,CA,USA,
07,138,BEGIN LEFT ALIGN,Los Angeles County,Los Angeles,CA,USA,2225
07,138,END LEFT ALIGN,Los Angeles County,Los Angeles,CA,USA,
07,138,GORMAN POST RD,Los Angeles County,Los Angeles,CA,USA,3600
07,138,OLD RIDGE ROUTE ROAD,Los Angeles County,Los Angeles,CA,USA,3400
07,138,245TH ST WEST,Los Angeles County,Los Angeles,CA,USA,3050
07,138,110TH STREET WEST,Los Angeles County,Los Angeles,CA,USA,2750
07,138,JCT. RTE. 14 NORTH,Los Angeles County,Los Angeles,CA,USA,3800
07,138,JCT. RTE. 14 SOUTH,Los Angeles County,Los Angeles,CA,USA,35000
07,138,"PALMDALE, SIERRA HIGHWAY",Los Angeles County,Los Angeles,CA,USA,23500
07,138,"PALMDALE, 10TH STREET EAST",Los Angeles County,Los Angeles,CA,USA,21700
07,138,"PALMDALE, 20TH STREET EAST",Los Angeles County,Los Angeles,CA,USA,21100
07,138,"PALMDALE, 30TH STREET EAST",Los Angeles County,Los Angeles,CA,USA,19600
07,138,"PALMDALE, 35TH STREET EAST",Los Angeles County,Los Angeles,CA,USA,18500
07,138,50TH ST/PALMDALE BLVD,Los Angeles County,Los Angeles,CA,USA,10700
07,138,"PALMDALE, PEARLBLOSSOM HIGHWAY/AVENUE T",Los Angeles County,Los Angeles,CA,USA,18100
07,138,LITTLE ROCK CREEK,Los Angeles County,Los Angeles,CA,USA,17200
07,138,96TH STREET EAST,Los Angeles County,Los Angeles,CA,USA,15000
07,138,LONGVIEW ROAD,Los Angeles County,Los Angeles,CA,USA,12800
07,138,165TH STREET EAST,Los Angeles County,Los Angeles,CA,USA,13100
07,138,JCT. RTE. 18,Los Angeles County,Los Angeles,CA,USA,9200
07,138,LOS ANGELES/SAN BERNARDINO COUNTY LINE,Los Angeles County,Los Angeles,CA,USA,
07,164,GALLATIN ROAD,Los Angeles County,Los Angeles,CA,USA,39500
07,164,SAN GABRIEL BOULEVARD,Los Angeles County,Los Angeles,CA,USA,26000
07,164,JCT. RTE. 60,Los Angeles County,Los Angeles,CA,USA,46000
07,164,"SOUTH EL MONTE, GARVEY AVENUE",Los Angeles County,Los Angeles,CA,USA,77000
07,164,"EL MONTE, JCT. RTE. 10",Los Angeles County,Los Angeles,CA,USA,53000
07,164,"ROSEMEAD, VALLEY BOULEVARD",Los Angeles County,Los Angeles,CA,USA,59000
07,164,"ROSEMEAD, LOWER AZUSA ROAD",Los Angeles County,Los Angeles,CA,USA,40000
07,164,END OF ROUTE,Los Angeles County,Los Angeles,CA,USA,
07,170,"LOS ANGELES, JCT. RTES. 101/134",Los Angeles County,Los Angeles,CA,USA,188000
07,170,"LOS ANGELES, RIVERSIDE DRIVE ",Los Angeles County,Los Angeles,CA,USA,205000
07,170,"LOS ANGELES, MAGNOLIA BOULEVARD ",Los Angeles County,Los Angeles,CA,USA,209000
07,170,"LOS ANGELES, BURBANK BOULEVARD ",Los Angeles County,Los Angeles,CA,USA,214000
07,170,"LOS ANGELES, OXNARD ST/LAUREL CANYON BLVD ",Los Angeles County,Los Angeles,CA,USA,212000
07,170,"LOS ANGELES, VICTORY BOULEVARD ",Los Angeles County,Los Angeles,CA,USA,206000
07,170,"LOS ANGELES, SHERMAN WAY ",Los Angeles County,Los Angeles,CA,USA,175000
07,170,"LOS ANGELES, ROSCOE BOULEVARD ",Los Angeles County,Los Angeles,CA,USA,156000
07,170,"LOS ANGELES, SHELDON/ ARLETA STREET",Los Angeles County,Los Angeles,CA,USA,143000
07,170,"LOS ANGELES, JCT. RTE. 5",Los Angeles County,Los Angeles,CA,USA,
07,187,"LOS ANGELES, JCT. RTE. 405",Los Angeles County,Los Angeles,CA,USA,70000
07,187,"LOS ANGELES, JCT. RTE. 10",Los Angeles County,Los Angeles,CA,USA,55000
07,187,"LOS ANGELES, CADILLAC AVENUE",Los Angeles County,Los Angeles,CA,USA,
07,210,"LOS ANGELES, JCT. RTE. 5",Los Angeles County,Los Angeles,CA,USA,84000
07,210,"LOS ANGELES, YARNELL STREET ",Los Angeles County,Los Angeles,CA,USA,82000
07,210,"LOS ANGELES, ROXFORD STREET ",Los Angeles County,Los Angeles,CA,USA,82000
07,210,"LOS ANGELES, POLK STREET ",Los Angeles County,Los Angeles,CA,USA,95000
07,210,"LOS ANGELES, HUBBARD STREET ",Los Angeles County,Los Angeles,CA,USA,117000
07,210,"LOS ANGELES, MACLAY STREET ",Los Angeles County,Los Angeles,CA,USA,131000
07,210,"LOS ANGELES, JCT. RTE. 118",Los Angeles County,Los Angeles,CA,USA,129000
07,210,"LOS ANGELES, OSBORNE STREET/FOOTHILL BLVD ",Los Angeles County,Los Angeles,CA,USA,126000
07,210,"LOS ANGELES, WHEATLAND AVENUE ",Los Angeles County,Los Angeles,CA,USA,127000
07,210,"LOS ANGELES, SUNLAND BOULEVARD ",Los Angeles County,Los Angeles,CA,USA,120000
07,210,"LOS ANGELES,LA TUNA CANYON ROAD ",Los Angeles County,Los Angeles,CA,USA,127000
07,210,"GLENDALE, LOWELL AVENUE ",Los Angeles County,Los Angeles,CA,USA,156000
07,210,"GLENDALE, PENNSYLVANIA AVENUE ",Los Angeles County,Los Angeles,CA,USA,166000
07,210,LA CRESCENTA AVENUE ,Los Angeles County,Los Angeles,CA,USA,186000
07,210,"LA CANADA-FLINTRIDGE, WEST JCT. RTE. 2",Los Angeles County,Los Angeles,CA,USA,131000
07,210,"LA CANADA-FLINTRIDGE, EAST JCT. RTE. 2",Los Angeles County,Los Angeles,CA,USA,126000
07,210,"LA CANADA-FLINTRIDGE, GOULD AVE/FOOTHILL BLVD ",Los Angeles County,Los Angeles,CA,USA,114000
07,210,"LA CANADA-FLINTRIDGE, HAMPTON/FOOTHILL BLVD ",Los Angeles County,Los Angeles,CA,USA,127000
07,210,"LA CANADA-FLINTRIDGE, BERKSHIRE PLACE ",Los Angeles County,Los Angeles,CA,USA,125000
07,210,"PASADENA, ARROYO BOULEVARD ",Los Angeles County,Los Angeles,CA,USA,119000
07,210,"PASADENA, LINCOLN BOULEVARD ",Los Angeles County,Los Angeles,CA,USA,136000
07,210,"PASADENA, MOUNTAIN STREET ",Los Angeles County,Los Angeles,CA,USA,143000
07,210,"PASADENA, JCT. RTES. 134/710",Los Angeles County,Los Angeles,CA,USA,329000
07,210,"PASADENA, LAKE AVENUE ",Los Angeles County,Los Angeles,CA,USA,331000
07,210,"PASADENA, HILL AVENUE ",Los Angeles County,Los Angeles,CA,USA,313000
07,210,"PASADENA, ALLEN AVENUE ",Los Angeles County,Los Angeles,CA,USA,325000
07,210,"PASADENA, ALTADENA DRIVE ",Los Angeles County,Los Angeles,CA,USA,303000
07,210,"PASADENA, SAN GABRIEL BOULEVARD ",Los Angeles County,Los Angeles,CA,USA,301000
07,210,"PASADENA, SIERRA MADRE VILLA ",Los Angeles County,Los Angeles,CA,USA,285000
07,210,"PASADENA, ROSEMEAD BOULEVARD ",Los Angeles County,Los Angeles,CA,USA,274000
07,210,"ARCADIA, BALDWIN AVENUE ",Los Angeles County,Los Angeles,CA,USA,264000
07,210,"ARCADIA, SANTA ANITA AVENUE ",Los Angeles County,Los Angeles,CA,USA,254000
07,210,"MONROVIA, HUNTINGTON DRIVE ",Los Angeles County,Los Angeles,CA,USA,252000
07,210,"MONROVIA, MYRTLE AVENUE ",Los Angeles County,Los Angeles,CA,USA,246000
07,210,"MONROVIA, MOUNTAIN AVENUE ",Los Angeles County,Los Angeles,CA,USA,253000
07,210,"DUARTE, BUENA VISTA STREET ",Los Angeles County,Los Angeles,CA,USA,256000
07,210,"DUARTE, JCT. RTE. 605",Los Angeles County,Los Angeles,CA,USA,269000
07,210,"IRWINDALE, IRWINDALE AVENUE ",Los Angeles County,Los Angeles,CA,USA,257000
07,210,"AZUSA, VERNON AVENUE ",Los Angeles County,Los Angeles,CA,USA,256000
07,210,"AZUSA, AZUSA AVENUE ",Los Angeles County,Los Angeles,CA,USA,249000
07,210,"AZUSA, CITRUS AVENUE ",Los Angeles County,Los Angeles,CA,USA,247000
07,210,"GLENDORA, GRAND AVENUE ",Los Angeles County,Los Angeles,CA,USA,256000
07,210,"GLENDORA, SUNFLOWER AVENUE ",Los Angeles County,Los Angeles,CA,USA,257000
07,210,"GLENDORA, JCT RTE 57",Los Angeles County,Los Angeles,CA,USA,187000
07,210,"SAN DIMAS, SAN DIMAS AVENUE ",Los Angeles County,Los Angeles,CA,USA,193000
07,210,"LA VERNE, JCT. RTE. 66",Los Angeles County,Los Angeles,CA,USA,181000
07,210,"LA VERNE, FRUIT STREET ",Los Angeles County,Los Angeles,CA,USA,181000
07,210,"CLAREMONT, TOWNE AVENUE ",Los Angeles County,Los Angeles,CA,USA,178000
07,210,"CLAREMONT, BASELINE ROAD ",Los Angeles County,Los Angeles,CA,USA,178000
07,210,LOS ANGELES/SAN BERNARDINO COUNTY LINE,Los Angeles County,Los Angeles,CA,USA,
07,213,"LOS ANGELES, 25TH STREET",Los Angeles County,Los Angeles,CA,USA,30500
07,213,"RANCHO PALOS VERDES, AVENDIA APPRENDA ROAD",Los Angeles County,Los Angeles,CA,USA,37500
07,213,"LOMITA, PALOS VERDES DRIVE NORTH",Los Angeles County,Los Angeles,CA,USA,22600
07,213,"LOS ANGELES, JCT. RTE. 1",Los Angeles County,Los Angeles,CA,USA,20900
07,213,"LOS ANGELES, LOMITA BOULEVARD",Los Angeles County,Los Angeles,CA,USA,28500
07,213,"LOS ANGELES, SEPULVEDA BOULEVARD",Los Angeles County,Los Angeles,CA,USA,31500
07,213,CARSON STREET,Los Angeles County,Los Angeles,CA,USA,31500
07,213,W 204TH STREET,Los Angeles County,Los Angeles,CA,USA,
07,405,ORANGE/LOS ANGELES COUNTY LINE,Los Angeles County,Los Angeles,CA,USA,264000
07,405,"LONG BEACH, STUDEBAKER ROAD ",Los Angeles County,Los Angeles,CA,USA,272000
07,405,"LONG BEACH, PALO VERDE AVENUE ",Los Angeles County,Los Angeles,CA,USA,261000
07,405,"LONG BEACH, WOODRUFF AVENUE ",Los Angeles County,Los Angeles,CA,USA,266000
07,405,"LONG BEACH, BELLFLOWER BOULEVARD ",Los Angeles County,Los Angeles,CA,USA,278000
07,405,"LONG BEACH, LAKEWOOD BOULEVARD ",Los Angeles County,Los Angeles,CA,USA,285000
07,405,"LONG BEACH, CHERRY AVENUE ",Los Angeles County,Los Angeles,CA,USA,299000
07,405,"SIGNAL HILL, ORANGE AVENUE ",Los Angeles County,Los Angeles,CA,USA,300000
07,405,"LONG BEACH, ATLANTIC AVENUE ",Los Angeles County,Los Angeles,CA,USA,296000
07,405,SB ON FR WARDLOW/LONG BEACH BLVD and LONG BEACH,Los Angeles County,Los Angeles,CA,USA,294000
07,405,"LONG BEACH, JCT. RTE. 710",Los Angeles County,Los Angeles,CA,USA,281000
07,405,"CARSON, ALAMEDA STREET ",Los Angeles County,Los Angeles,CA,USA,271000
07,405,"CARSON, WILMINGTON AVENUE ",Los Angeles County,Los Angeles,CA,USA,258000
07,405,"CARSON, CARSON STREET ",Los Angeles County,Los Angeles,CA,USA,254000
07,405,"CARSON, AVALON BOULEVARD ",Los Angeles County,Los Angeles,CA,USA,272000
07,405,"CARSON, JCT. RTE. 110",Los Angeles County,Los Angeles,CA,USA,274000
07,405,"LOS ANGELES, VERMONT AVENUE ",Los Angeles County,Los Angeles,CA,USA,286000
07,405,"LOS ANGELES, NORMANDIE AVENUE ",Los Angeles County,Los Angeles,CA,USA,268000
07,405,"LOS ANGELES, WESTERN AVENUE ",Los Angeles County,Los Angeles,CA,USA,257000
07,405,"TORRANCE, CRENSHAW BOULEVARD ",Los Angeles County,Los Angeles,CA,USA,251000
07,405,"TORRANCE, ARTESIA BOULEVARD ",Los Angeles County,Los Angeles,CA,USA,256000
07,405,"LAWNDALE, HAWTHORNE BOULEVARD ",Los Angeles County,Los Angeles,CA,USA,269000
07,405,"LAWNDALE, INGLEWOOD AVENUE ",Los Angeles County,Los Angeles,CA,USA,282000
07,405,"HAWTHORNE, ROSECRANS AVENUE ",Los Angeles County,Los Angeles,CA,USA,311000
07,405,"HAWTHORNE, EL SEGUNDO BOULEVARD ",Los Angeles County,Los Angeles,CA,USA,252000
07,405,"LOS ANGELES, JCT. RTE 105",Los Angeles County,Los Angeles,CA,USA,326000
07,405,"INGLEWOOD, CENTURY BOULEVARD ",Los Angeles County,Los Angeles,CA,USA,323000
07,405,"INGLEWOOD, MANCHESTER BOULEVARD ",Los Angeles County,Los Angeles,CA,USA,283000
07,405,"LOS ANGELES, LA TIJERA BLVD/HOWARD HUGHES PKWY ",Los Angeles County,Los Angeles,CA,USA,309000
07,405,"CULVER CITY, JCT. RTE. 90",Los Angeles County,Los Angeles,CA,USA,316000
07,405,"CULVER CITY, CULVER BOULEVARD ",Los Angeles County,Los Angeles,CA,USA,326000
07,405,"CULVER CITY, JCT. RTE. 187",Los Angeles County,Los Angeles,CA,USA,331000
07,405,"LOS ANGELES, JCT. RTE. 10",Los Angeles County,Los Angeles,CA,USA,303000
07,405,"LOS ANGELES, OLYMPIC BOULEVARD ",Los Angeles County,Los Angeles,CA,USA,327000
07,405,"LOS ANGELES, JCT. RTE. 2",Los Angeles County,Los Angeles,CA,USA,310000
07,405,"LOS ANGELES, WILSHIRE BOULEVARD ",Los Angeles County,Los Angeles,CA,USA,285000
07,405,"LOS ANGELES, WATERFORD ST/MONTANA AVE",Los Angeles County,Los Angeles,CA,USA,278000
07,405,"LOS ANGELES, SUNSET BOULEVARD ",Los Angeles County,Los Angeles,CA,USA,281000
07,405,"LOS ANGELES, MORAGA DRIVE ",Los Angeles County,Los Angeles,CA,USA,285000
07,405,"LOS ANGELES, GETTY CENTER DRIVE ",Los Angeles County,Los Angeles,CA,USA,282000
07,405,"LOS ANGELES, MULHOLLAND DRIVE ",Los Angeles County,Los Angeles,CA,USA,283000
07,405,"LOS ANGELES, JCT. RTE. 101",Los Angeles County,Los Angeles,CA,USA,224000
07,405,"LOS ANGELES, BURBANK BOULEVARD ",Los Angeles County,Los Angeles,CA,USA,224000
07,405,"LOS ANGELES, VICTORY BOULEVARD ",Los Angeles County,Los Angeles,CA,USA,219000
07,405,"LOS ANGELES, SHERMAN WAY ",Los Angeles County,Los Angeles,CA,USA,217000
07,405,"LOS ANGELES, ROSCOE BOULEVARD ",Los Angeles County,Los Angeles,CA,USA,216000
07,405,"LOS ANGELES, NORDHOFF STREET ",Los Angeles County,Los Angeles,CA,USA,218000
07,405,"LOS ANGELES, JCT. RTE. 118",Los Angeles County,Los Angeles,CA,USA,154000
07,405,"LOS ANGELES, SAN FERNANDO MISSION BOULEVARD ",Los Angeles County,Los Angeles,CA,USA,147000
07,405,"LOS ANGELES, RINALDI STREET ",Los Angeles County,Los Angeles,CA,USA,147000
07,405,"LOS ANGELES, JCT. RTE. 5",Los Angeles County,Los Angeles,CA,USA,
07,605,ORANGE/LOS ANGELES COUNTY LINE,Los Angeles County,Los Angeles,CA,USA,170000
07,605,"LONG BEACH, SPRING STREET ",Los Angeles County,Los Angeles,CA,USA,187000
07,605,"LAKEWOOD, CARSON STREET ",Los Angeles County,Los Angeles,CA,USA,202000
07,605,"CERRITOS, DEL AMO BOULEVARD ",Los Angeles County,Los Angeles,CA,USA,218000
07,605,"CERRITOS, SOUTH STREET ",Los Angeles County,Los Angeles,CA,USA,246000
07,605,"CERRITOS, JCT. RTE. 91",Los Angeles County,Los Angeles,CA,USA,301000
07,605,"NORWALK, ALONDRA BOULEVARD ",Los Angeles County,Los Angeles,CA,USA,303000
07,605,"NORWALK, JCT. RTE. 105",Los Angeles County,Los Angeles,CA,USA,299000
07,605,"SANTA FE SPRINGS, JCT. RTE. 5",Los Angeles County,Los Angeles,CA,USA,248000
07,605,"SANTA FE SPRINGS, TELEGRAPH ROAD ",Los Angeles County,Los Angeles,CA,USA,227000
07,605,SLAUSON AVENUE ,Los Angeles County,Los Angeles,CA,USA,230000
07,605,WASHINGTON BOULEVARD ,Los Angeles County,Los Angeles,CA,USA,240000
07,605,"WHITTIER, JCT. RTE. 72",Los Angeles County,Los Angeles,CA,USA,248000
07,605,"PICO RIVERA, BEVERLY BOULEVARD ",Los Angeles County,Los Angeles,CA,USA,252000
07,605,"PICO RIVERA, ROSE HILLS ROAD ",Los Angeles County,Los Angeles,CA,USA,259000
07,605,"INDUSTRY, PECK ROAD ",Los Angeles County,Los Angeles,CA,USA,253000
07,605,"INDUSTRY, JCT. RTE. 60",Los Angeles County,Los Angeles,CA,USA,230000
07,605,"INDUSTRY, VALLEY BOULEVARD ",Los Angeles County,Los Angeles,CA,USA,238000
07,605,"BALDWIN PARK, JCT. RTE. 10",Los Angeles County,Los Angeles,CA,USA,197000
07,605,"BALDWIN PARK, RAMONA BOULEVARD ",Los Angeles County,Los Angeles,CA,USA,190000
07,605,"IRWINDALE, LOWER AZUSA ROAD/LOS ANGELES ST",Los Angeles County,Los Angeles,CA,USA,176000
07,605,"IRWINDALE, LIVE OAK AVENUE ",Los Angeles County,Los Angeles,CA,USA,146000
07,605,"IRWINDALE, ARROW HIGHWAY ",Los Angeles County,Los Angeles,CA,USA,160000
07,605,"IRWINDALE, JCT. RTE. 210",Los Angeles County,Los Angeles,CA,USA,160000
07,605,JCT. RTE. 210,Los Angeles County,Los Angeles,CA,USA,
07,710,"LONG BEACH, BEGIN ROUTE 710",Los Angeles County,Los Angeles,CA,USA,58000
07,710,"LONG BEACH, OCEAN/HARBOR SCENIC/PICO AVE ",Los Angeles County,Los Angeles,CA,USA,60000
07,710,"LONG BEACH, SHORELINE DRIVE ",Los Angeles County,Los Angeles,CA,USA,118000
07,710,"LONG BEACH, ANAHEIM STREET ",Los Angeles County,Los Angeles,CA,USA,133000
07,710,"LONG BEACH, JCT. RTE. 1",Los Angeles County,Los Angeles,CA,USA,153000
07,710,"LONG BEACH, WILLOW STREET ",Los Angeles County,Los Angeles,CA,USA,169000
07,710,"LONG BEACH, JCT. RTE. 405",Los Angeles County,Los Angeles,CA,USA,186000
07,710,"LONG BEACH, DEL AMO BOULEVARD ",Los Angeles County,Los Angeles,CA,USA,190000
07,710,"LONG BEACH, LONG BEACH BOULEVARD ",Los Angeles County,Los Angeles,CA,USA,199000
07,710,"LONG BEACH, JCT. RTE. 91",Los Angeles County,Los Angeles,CA,USA,233000
07,710,"COMPTON, ALONDRA BOULEVARD ",Los Angeles County,Los Angeles,CA,USA,240000
07,710,"LYNWOOD, JCT. RTE. 105",Los Angeles County,Los Angeles,CA,USA,241000
07,710,"SOUTH GATE, IMPERIAL HIGHWAY ",Los Angeles County,Los Angeles,CA,USA,225000
07,710,"SOUTH GATE, FIRESTONE BOULEVARD ",Los Angeles County,Los Angeles,CA,USA,213000
07,710,"BELL, FLORENCE AVENUE ",Los Angeles County,Los Angeles,CA,USA,207000
07,710,"BELL, ATLANTIC BOULEVARD ",Los Angeles County,Los Angeles,CA,USA,217000
07,710,"COMMERCE, WASHINGTON BOULEVARD ",Los Angeles County,Los Angeles,CA,USA,216000
07,710,"COMMERCE, JCT. RTE. 5",Los Angeles County,Los Angeles,CA,USA,178000
07,710,WHITTIER BOULEVARD ,Los Angeles County,Los Angeles,CA,USA,192000
07,710,JCT. RTE. 60,Los Angeles County,Los Angeles,CA,USA,127000
07,710,"MONTEREY PARK, JCT. RTE. 10",Los Angeles County,Los Angeles,CA,USA,45500
07,710,"LOS ANGELES, VALLEY BOULEVARD",Los Angeles County,Los Angeles,CA,USA,45500
07,710,"PASADENA, ON PASADENA AVE AT COLUMBIA ST",Los Angeles County,Los Angeles,CA,USA,25500
07,710,"PASADENA, ON PASADENA S BELLEFONTAINE ONE WAY",Los Angeles County,Los Angeles,CA,USA,17700
07,710,"PASADENA, ON ST. JOHN AT BELLEFONTAINE ONE WAY",Los Angeles County,Los Angeles,CA,USA,16700
07,710,"PASADENA, ON PASADENA/BELLEFONTAINE ONE WAY",Los Angeles County,Los Angeles,CA,USA,14800
07,710,"PASADENA, ON ST JOHN/BELLEFONTAINE ONE WAY",Los Angeles County,Los Angeles,CA,USA,13300
07,710,"PASADENA, ON PASADENA/CALIFORNIA ONE WAY",Los Angeles County,Los Angeles,CA,USA,26500
07,710,PASADENA,Los Angeles County,Los Angeles,CA,USA,47000
07,710,"PASADENA, DEL MAR BOULEVARD ",Los Angeles County,Los Angeles,CA,USA,66000
07,710,"PASADENA, ON PASADENA AVE END OF NB COUPLET",Los Angeles County,Los Angeles,CA,USA,66000
07,710,"PASADENA, JCT. RTES. 134/210",Los Angeles County,Los Angeles,CA,USA,
