RTE,DIST,City,County,State,Country,DESCRIPTION,TOTAL VEHICLE AADT,TOTAL TRUCK COUNTS,PERCENTAGE
001,07,LA,Los Angeles County,CA,USA,LOS ANGELES/ORANGE COUNTY LINE,43800,587,1.34
001,07,LA,Los Angeles County,CA,USA,"LONG BEACH, JCT. RTE. 22, SEVENTH ST",26000,697,2.68
001,07,LA,Los Angeles County,CA,USA,"LONG BEACH, JCT. RTE. 22, SEVENTH ST",34000,1064,3.13
001,07,LA,Los Angeles County,CA,USA,"LONG BEACH, JCT. RTE. 710",39000,7418,19.02
001,07,LA,Los Angeles County,CA,USA,"LONG BEACH, JCT. RTE. 710",40500,2438,6.02
001,07,LA,Los Angeles County,CA,USA,"LONG BEACH, JCT. RTE. 103",34000,7456,21.93
001,07,LA,Los Angeles County,CA,USA,"LONG BEACH, JCT. RTE. 103",32000,7894,24.67
001,07,LA,Los Angeles County,CA,USA,"LOS ANGELES, JCT. RTE. 110",41500,2038,4.91
001,07,LA,Los Angeles County,CA,USA,"LOS ANGELES, JCT. RTE. 110",56000,3024,5.4
001,07,LA,Los Angeles County,CA,USA,"LOS ANGELES, JCT. RTE. 213, WESTERN AVE",61000,2891,4.74
001,07,LA,Los Angeles County,CA,USA,"TORRANCE, JCT. RTE. 107, HAWTHORNE BLVD",39000,1427,3.66
001,07,LA,Los Angeles County,CA,USA,"TORRANCE, JCT. RTE. 107, HAWTHORNE BLVD",42500,1415,3.33
001,07,LA,Los Angeles County,CA,USA,"MANHATTAN BEACH, ARTESIA BLVD",47000,1565,3.33
001,07,LA,Los Angeles County,CA,USA,"MANHATTAN BEACH, ARTESIA BLVD",46000,1532,3.33
001,07,LA,Los Angeles County,CA,USA,"LOS ANGELES, JCT. RTE. 105",62000,1910,3.08
001,07,LA,Los Angeles County,CA,USA,"LOS ANGELES, LOS ANGELES INTERNATIONAL AIRPORT, VIA LINCOLN BLVD",37000,799,2.16
001,07,LA,Los Angeles County,CA,USA,"LOS ANGELES, MANCHESTER AVE",57000,1231,2.16
001,07,LA,Los Angeles County,CA,USA,"LOS ANGELES, JCT. RTE. 90",52000,1123,2.16
001,07,LA,Los Angeles County,CA,USA,"LOS ANGELES, JCT. RTE. 90",65000,1632,2.51
001,07,LA,Los Angeles County,CA,USA,"SANTA MONICA, JCT. RTE. 10",43000,1316,3.06
001,07,LA,Los Angeles County,CA,USA,"SANTA MONICA, MCCLURE TUNNEL",62000,3367,5.43
001,07,LA,Los Angeles County,CA,USA,"JCT. RTE. 27, TOPANGA CANYON BLVD",49000,1490,3.04
001,07,LA,Los Angeles County,CA,USA,"JCT. RTE. 27, TOPANGA CANYON BLVD",53000,1426,2.69
001,07,LA,Los Angeles County,CA,USA,"MALIBU, JCT. RTE. 23, DECKER CANYON RD",11700,635,5.43
001,07,LA,Los Angeles County,CA,USA,"MALIBU, JCT. RTE. 23, DECKER CANYON RD",12300,668,5.43
002,07,LA,Los Angeles County,CA,USA,"LOS ANGELES, HIGHLAND AVE",39000,991,2.54
002,07,LA,Los Angeles County,CA,USA,"LOS ANGELES, JCT. RTE. 101",56000,1422,2.54
002,07,LA,Los Angeles County,CA,USA,"LOS ANGELES, JCT. RTE. 101",40500,1673,4.13
002,07,LA,Los Angeles County,CA,USA,"LOS ANGELES, JCT. RTE. 5",161000,3526,2.19
002,07,LA,Los Angeles County,CA,USA,"LOS ANGELES, JCT. RTE. 5",58000,1612,2.78
002,07,LA,Los Angeles County,CA,USA,"LOS ANGELES, SAN FERNANDO RD INTERCHANGE",154000,3373,2.19
002,07,LA,Los Angeles County,CA,USA,"LOS ANGELES, JCT. RTE. 134",130000,1456,1.12
002,07,LA,Los Angeles County,CA,USA,"LOS ANGELES, JCT. RTE. 134",160000,3504,2.19
002,07,LA,Los Angeles County,CA,USA,"LA CANADA-FLINTRIDGE, JCT. RTE. 210",119000,2106,1.77
002,07,LA,Los Angeles County,CA,USA,"LA CANADA-FLINTRIDGE, FOOTHILL BLVD",14500,162,1.12
002,07,LA,Los Angeles County,CA,USA,"EAST JCT. RTE. 210, VIA ANGELES CREST HWY",15400,353,2.29
002,07,LA,Los Angeles County,CA,USA,"LOS ANGELES, JCT. RTE. 405",51000,1209,2.37
002,07,LA,Los Angeles County,CA,USA,ANGELES FOREST HWY,750,42,5.55
002,07,LA,Los Angeles County,CA,USA,ANGELES FOREST HWY,3100,47,1.53
002,07,LA,Los Angeles County,CA,USA,MOUNT WILSON RD,370,19,5.24
002,07,LA,Los Angeles County,CA,USA,MOUNT WILSON RD,750,42,5.55
002,07,LA,Los Angeles County,CA,USA,"ISLIP SADDLE, JCT. RTE. 39 SOUTH (CLOSED)",220,11,4.92
002,07,LA,Los Angeles County,CA,USA,"ISLIP SADDLE, JCT. RTE. 39 SOUTH (CLOSED)",220,11,4.92
002,07,LA,Los Angeles County,CA,USA,BLUE RIDGE RD,390,17,4.29
002,07,LA,Los Angeles County,CA,USA,BLUE RIDGE RD,220,10,4.61
005,07,LA,Los Angeles County,CA,USA,ORANGE/LOS ANGELES COUNTY LINE,171000,13851,8.1
005,07,LA,Los Angeles County,CA,USA,"COMMERCE, GARFIELD AVE INTERCHANGE",219000,17892,8.17
005,07,LA,Los Angeles County,CA,USA,"COMMERCE, JCT. RTE. 710",232000,18282,7.88
005,07,LA,Los Angeles County,CA,USA,"COMMERCE, JCT. RTE. 710",244000,15616,6.4
005,07,LA,Los Angeles County,CA,USA,"LOS ANGELES, JCT. RTE. 60",250000,19200,7.68
005,07,LA,Los Angeles County,CA,USA,"LOS ANGELES, JCT. RTE. 60",234000,15678,6.7
005,07,LA,Los Angeles County,CA,USA,"LOS ANGELES, JCT. RTE. 10",228000,15458,6.78
005,07,LA,Los Angeles County,CA,USA,"LOS ANGELES, JCT. RTE. 10",234000,14695,6.28
005,07,LA,Los Angeles County,CA,USA,"LOS ANGELES, JCT. RTE. 110",283000,14178,5.01
005,07,LA,Los Angeles County,CA,USA,"LOS ANGELES, JCT. RTE. 110",220000,14410,6.55
005,07,LA,Los Angeles County,CA,USA,"LOS ANGELES, JCT. RTE. 2",233000,15518,6.66
005,07,LA,Los Angeles County,CA,USA,"LOS ANGELES, JCT. RTE. 2",278000,14178,5.1
005,07,LA,Los Angeles County,CA,USA,"LOS ANGELES, COLORADO BLVD EXTENSION INTERCHANGE",247000,15512,6.28
005,07,LA,Los Angeles County,CA,USA,"LOS ANGELES, JCT. RTE. 134",237000,16519,6.97
005,07,LA,Los Angeles County,CA,USA,"LOS ANGELES, JCT. RTE. 134",258000,15893,6.16
005,07,LA,Los Angeles County,CA,USA,"LOS ANGELES, JCT. RTE. 170",292000,21725,7.44
005,07,LA,Los Angeles County,CA,USA,"LOS ANGELES, JCT. RTE. 170",194000,12358,6.37
005,07,LA,Los Angeles County,CA,USA,"LOS ANGELES, JCT. RTE. 118",289000,22455,7.77
005,07,LA,Los Angeles County,CA,USA,S/O JCT RTE 405;N/O RINALDI ST,185000,5587,3.02
005,07,LA,Los Angeles County,CA,USA,"LOS ANGELES, JCT. RTE. 405",187000,6882,3.68
005,07,LA,Los Angeles County,CA,USA,"LOS ANGELES, JCT. RTE. 405",304000,18635,6.13
005,07,LA,Los Angeles County,CA,USA,"LOS ANGELES, JCT. RTE. 210",286000,22480,7.86
005,07,LA,Los Angeles County,CA,USA,"JCT. RTE. 14, ANTELOPE VALLEY FWY",206000,20023,9.72
005,07,LA,Los Angeles County,CA,USA,"SANTA CLARITA, SOUTH JCT. RTE. 126",159000,20034,12.6
005,07,LA,Los Angeles County,CA,USA,"SANTA CLARITA, NORTH JCT. RTE. 126",118000,18514,15.69
005,07,LA,Los Angeles County,CA,USA,"SANTA CLARITA, NORTH JCT. RTE. 126",135000,19886,14.73
005,07,LA,Los Angeles County,CA,USA,HASLEY CANYON RD INTERCHANGE,115000,18630,16.2
005,07,LA,Los Angeles County,CA,USA,"SANTA FE SPRINGS, JCT. RTE. 605",228000,15230,6.68
005,07,LA,Los Angeles County,CA,USA,"SANTA FE SPRINGS, JCT. RTE. 605",192000,13920,7.25
005,07,LA,Los Angeles County,CA,USA,"SOUTH JCT. RTE. 138, ROUTE 138 FWY INTERCHANGE",70000,17465,24.95
005,07,LA,Los Angeles County,CA,USA,"NORTH JCT. RTE. 138, ROUTE 138 FWY INTERCHANGE",73000,16994,23.28
005,07,LA,Los Angeles County,CA,USA,LOS ANGELES/KERN COUNTY LINE,79000,18739,23.72
010,07,LA,Los Angeles County,CA,USA,"LOS ANGELES, JCT. RTE. 5, GOLDEN STATE FWY INTERCHANGE",90000,2205,2.45
010,07,LA,Los Angeles County,CA,USA,"LOS ANGELES, JCT. RTE. 101, SANTA ANA FWY INTERCHANGE",90000,2205,2.45
010,07,LA,Los Angeles County,CA,USA,"LOS ANGELES, 10TH AVE",322000,10884,3.38
010,07,LA,Los Angeles County,CA,USA,"LOS ANGELES, JCT. RTE. 110, HARBOR FWY INTERCHANGE",259000,9454,3.65
010,07,LA,Los Angeles County,CA,USA,"LOS ANGELES, JCT. RTE. 110, HARBOR FWY INTERCHANGE",350000,11830,3.38
010,07,LA,Los Angeles County,CA,USA,SAN PEDRO ST (BELOW),260000,9490,3.65
010,07,LA,Los Angeles County,CA,USA,"LOS ANGELES, JCT. RTE. 5, GOLDEN STATE FWY INTERCHANGE",198000,6910,3.49
010,07,LA,Los Angeles County,CA,USA,EAST LOS ANGELES CITY LIMITS,218000,6736,3.09
010,07,LA,Los Angeles County,CA,USA,"SANTA MONICA, JCT. RTE. 1, LINCOLN BLVD INTERCHANGE",150000,3780,2.52
010,07,LA,Los Angeles County,CA,USA,"MONTEREY PARK, JCT. RTE. 710, LONG BEACH FWY INTERCHANGE",208000,7155,3.44
010,07,LA,Los Angeles County,CA,USA,"MONTEREY PARK, JCT. RTE. 710, LONG BEACH FWY INTERCHANGE",203000,6252,3.08
010,07,LA,Los Angeles County,CA,USA,ALMANSOR AVE,221000,6807,3.08
010,07,LA,Los Angeles County,CA,USA,"MONTEREY PARK, NEW AVE INTERCHANGE",227000,6992,3.08
010,07,LA,Los Angeles County,CA,USA,"EL MONTE, JCT. RTE. 164, ROSEMEAD BLVD",219000,6745,3.08
010,07,LA,Los Angeles County,CA,USA,"EL MONTE, JCT. RTE. 164, ROSEMEAD BLVD",205000,6314,3.08
010,07,LA,Los Angeles County,CA,USA,"BALDWIN PARK, JCT. RTE. 605",222000,14319,6.45
010,07,LA,Los Angeles County,CA,USA,"BALDWIN PARK, JCT. RTE. 605",235000,7920,3.37
010,07,LA,Los Angeles County,CA,USA,"WEST COVINA, AZUSA AVE INTERCHANGE",200000,14280,7.14
010,07,LA,Los Angeles County,CA,USA,"POMONA, JCT. RTES. 57/71",266000,17902,6.73
010,07,LA,Los Angeles County,CA,USA,"POMONA, JCT. RTES. 57/71",216000,16934,7.84
010,07,LA,Los Angeles County,CA,USA,"POMONA, INDIAN HILL BLVD INTERCHANGE",278000,18904,6.8
010,07,LA,Los Angeles County,CA,USA,LOS ANGELES/SAN BERNARDINO COUNTY LINE,278000,18209,6.55
010,07,LA,Los Angeles County,CA,USA,"LOS ANGELES, JCT. RTE. 405",251000,8484,3.38
010,07,LA,Los Angeles County,CA,USA,"LOS ANGELES, JCT. RTE. 405",238000,4641,1.95
010,07,LA,Los Angeles County,CA,USA,"LOS ANGELES, JCT. RTE. 187, VENICE BLVD INTERCHANGE",280000,9464,3.38
010,07,LA,Los Angeles County,CA,USA,"LOS ANGELES, JCT. RTE. 187, VENICE BLVD INTERCHANGE",260000,8788,3.38
010S,07,LA,Los Angeles County,CA,USA,BUSWAY; EAST LA CITY LIMITS,13700,1434,10.47
014,07,LA,Los Angeles County,CA,USA,SB OFF TO SB RTE 5 & JCT. RTE. 5,181000,10064,5.56
014,07,LA,Los Angeles County,CA,USA,ANGELES FOREST HWY INTERCHANGE,105000,21042,20.04
014,07,LA,Los Angeles County,CA,USA,"PALMDALE, SOUTH JCT. RTE. 138",89000,3391,3.81
014,07,LA,Los Angeles County,CA,USA,"PALMDALE, SOUTH JCT. RTE. 138",84000,4402,5.24
014,07,LA,Los Angeles County,CA,USA,NORTH JCT. RTE. 138; AVE D INTERCHANGE,37500,1946,5.19
014,07,LA,Los Angeles County,CA,USA,NORTH JCT. RTE. 138; AVE D INTERCHANGE,40000,2316,5.79
022,07,LA,Los Angeles County,CA,USA,"LONG BEACH, JCT. RTE. 1",62000,1345,2.17
023,07,LA,Los Angeles County,CA,USA,"JCT. RTE. 1, PACIFIC COAST HWY",510,8,1.6
027,07,LA,Los Angeles County,CA,USA,"JCT. RTE. 1, PACIFIC COAST HWY",15200,254,1.67
027,07,LA,Los Angeles County,CA,USA,"LOS ANGELES, VENTURA BLVD",32000,710,2.22
027,07,LA,Los Angeles County,CA,USA,"LOS ANGELES, JCT. RTE. 101",52000,1680,3.23
027,07,LA,Los Angeles County,CA,USA,"LOS ANGELES, JCT. RTE. 101",60000,2052,3.42
027,07,LA,Los Angeles County,CA,USA,"LOS ANGELES, JCT. RTE. 118",45000,2178,4.84
039,07,LA,Los Angeles County,CA,USA,SAN GABRIEL RIVER BRIDGE,2350,109,4.62
039,07,LA,Los Angeles County,CA,USA,EAST FORK RD,1600,74,4.62
039,07,LA,Los Angeles County,CA,USA,CRYSTAL LAKE RD,150,7,4.67
047,07,LA,Los Angeles County,CA,USA,"LOS ANGELES, HARBOR BLVD",53000,4664,8.8
047,07,LA,Los Angeles County,CA,USA,"LOS ANGELES, JCT. RTE. 110",53000,5369,10.13
047,07,LA,Los Angeles County,CA,USA,"LONG BEACH, OCEAN BLVD; ROUTE CONTINUES VIA TERMINAL ISLAND FWY",13800,2594,18.8
047,07,LA,Los Angeles County,CA,USA,"LONG BEACH, HEIM LIFT BRIDGE",16900,9721,57.52
057,07,LA,Los Angeles County,CA,USA,ORANGE/LOS ANGELES COUNTY LINE,212000,15688,7.4
057,07,LA,Los Angeles County,CA,USA,"SAN DIMAS, COVINA AVE INTERCHANGE",171000,14843,8.68
057,07,LA,Los Angeles County,CA,USA,"GLENDORA, JCT. RTE. 210",76000,6597,8.68
057,07,LA,Los Angeles County,CA,USA,"DIAMOND BAR, NORTH JCT. RTE. 60",130000,6838,5.26
057,07,LA,Los Angeles County,CA,USA,"DIAMOND BAR, NORTH JCT. RTE. 60",104000,7696,7.4
057,07,LA,Los Angeles County,CA,USA,"POMONA, JCT. RTES. 10/71, SAN BERNARDINO/CHINO VALLEY FWYS INTERCHANGE",171000,14843,8.68
057,07,LA,Los Angeles County,CA,USA,"POMONA, JCT. RTES. 10/71, SAN BERNARDINO/CHINO VALLEY FWYS INTERCHANGE",157000,11524,7.34
060,07,LA,Los Angeles County,CA,USA,"LOS ANGELES, JCT. RTE. 5",217000,10286,4.74
060,07,LA,Los Angeles County,CA,USA,"LOS ANGELES, JCT. RTE. 10",180000,8532,4.74
060,07,LA,Los Angeles County,CA,USA,"SOUTH EL MONTE, PECK RD/DURFEE AVE INTERCHANGE",242000,17400,7.19
060,07,LA,Los Angeles County,CA,USA,"INDUSTRY, JCT. RTE. 605, SAN GABRIEL RIVER FWY INTERCHANGE",238000,17564,7.38
060,07,LA,Los Angeles County,CA,USA,"INDUSTRY, JCT. RTE. 605, SAN GABRIEL RIVER FWY INTERCHANGE",257000,24287,9.45
060,07,LA,Los Angeles County,CA,USA,EAST OF INDIANA ST; ROWAN AVE,239000,16634,6.96
060,07,LA,Los Angeles County,CA,USA,"ROWLAND HEIGHTS, NOGALES ST",461000,102434,22.22
060,07,LA,Los Angeles County,CA,USA,"DIAMOND BAR, JCT. RTE. 57 SOUTH",405000,29565,7.3
060,07,LA,Los Angeles County,CA,USA,"DIAMOND BAR, JCT. RTE. 57 SOUTH",418000,47568,11.38
060,07,LA,Los Angeles County,CA,USA,"DIAMOND BAR, JCT. RTE. 57 NORTH",247000,24354,9.86
060,07,LA,Los Angeles County,CA,USA,"POMONA, JCT. RTE. 71",235000,28388,12.08
060,07,LA,Los Angeles County,CA,USA,"POMONA, JCT. RTE. 71",235000,24346,10.36
060,07,LA,Los Angeles County,CA,USA,"JCT. RTE. 710, LONG BEACH FWY INTERCHANGE",261000,17852,6.84
060,07,LA,Los Angeles County,CA,USA,"JCT. RTE. 710, LONG BEACH FWY INTERCHANGE",241000,10484,4.35
060,07,LA,Los Angeles County,CA,USA,"SOUTH EL MONTE, JCT. RTE. 164, ROSEMEAD BLVD INTERCHANGE",232000,18212,7.85
060,07,LA,Los Angeles County,CA,USA,"SOUTH EL MONTE, JCT. RTE. 164, ROSEMEAD BLVD INTERCHANGE",241000,17328,7.19
066,07,LA,Los Angeles County,CA,USA,"LA VERNE, JCT. RTE. 210",25000,680,2.72
066,07,LA,Los Angeles County,CA,USA,"LA VERNE, BASELINE RD",19300,525,2.72
066,07,LA,Los Angeles County,CA,USA,"POMONA, GAREY AVE",22800,620,2.72
071,07,LA,Los Angeles County,CA,USA,"POMONA, JCT. RTES. 10/57",45500,3244,7.13
071,07,LA,Los Angeles County,CA,USA,"POMONA, JCT. RTE. 60",78000,5249,6.73
071,07,LA,Los Angeles County,CA,USA,LOS ANGELES/SAN BERNARDINO COUNTY LINE,120000,7632,6.36
072,07,LA,Los Angeles County,CA,USA,"WHITTIER, JCT. RTE. 605",33000,1135,3.44
072,07,LA,Los Angeles County,CA,USA,"WHITTIER, JCT. RTE. 605",41000,1410,3.44
090,07,LA,Los Angeles County,CA,USA,"LOS ANGELES, JCT. RTE. 1, LINCOLN BLVD",34500,1149,3.33
090,07,LA,Los Angeles County,CA,USA,"LOS ANGELES, CULVER BLVD",77000,2911,3.78
090,07,LA,Los Angeles County,CA,USA,"CULVER CITY, JCT. RTE. 405",93000,3515,3.78
090,07,LA,Los Angeles County,CA,USA,"CULVER CITY, JCT. RTE. 405",37500,911,2.43
090,07,LA,Los Angeles County,CA,USA,"CULVER CITY, SLAUSON AVE",37500,911,2.43
091,07,LA,Los Angeles County,CA,USA,"LONG BEACH, JCT. RTE. 710",273000,21103,7.73
091,07,LA,Los Angeles County,CA,USA,"LONG BEACH, JCT. RTE. 710",221000,15735,7.12
091,07,LA,Los Angeles County,CA,USA,"LONG BEACH, CHERRY AVE INTERCHANGE",277000,21412,7.73
091,07,LA,Los Angeles County,CA,USA,"BELLFLOWER, JCT. RTE. 19",259000,20021,7.73
091,07,LA,Los Angeles County,CA,USA,"BELLFLOWER, JCT. RTE. 19",271000,20948,7.73
091,07,LA,Los Angeles County,CA,USA,"CERRITOS, JCT. RTE. 605",270000,20871,7.73
091,07,LA,Los Angeles County,CA,USA,"CERRITOS, JCT. RTE. 605",288000,16272,5.65
091,07,LA,Los Angeles County,CA,USA,LOS ANGELES/ORANGE COUNTY LINE,248000,15599,6.29
091,07,LA,Los Angeles County,CA,USA,"LOS ANGELES, JCT. RTE. 110",197000,14026,7.12
091,07,LA,Los Angeles County,CA,USA,"LOS ANGELES, JCT. RTE. 110",64000,3507,5.48
091,07,LA,Los Angeles County,CA,USA,"CARSON, AVALON BLVD INTERCHANGE",201000,14130,7.03
101,07,LA,Los Angeles County,CA,USA,"LOS ANGELES, VIGNES ST INTERCHANGE",208000,7259,3.49
101,07,LA,Los Angeles County,CA,USA,"LOS ANGELES, JCT. RTE. 5, EAST LOS ANGELES INTERCHANGE",136000,5481,4.03
101,07,LA,Los Angeles County,CA,USA,"LOS ANGELES, JCT. RTE. 10",211000,7364,3.49
101,07,LA,Los Angeles County,CA,USA,"LOS ANGELES, JCT. RTE. 10",122000,4917,4.03
101,07,LA,Los Angeles County,CA,USA,"LOS ANGELES, JCT. RTE. 110, FOUR LEVEL INTERCHANGE",264000,8738,3.31
101,07,LA,Los Angeles County,CA,USA,"LOS ANGELES, JCT. RTE. 110, FOUR LEVEL INTERCHANGE",217000,7573,3.49
101,07,LA,Los Angeles County,CA,USA,"LOS ANGELES, JCT. RTES. 134/170, VENTURA/ HOLLYWOOD FWYS INTERCHANGE",119000,4808,4.04
101,07,LA,Los Angeles County,CA,USA,"LOS ANGELES, JCT. RTES. 134/170, VENTURA/ HOLLYWOOD FWYS INTERCHANGE",137000,5275,3.85
101,07,LA,Los Angeles County,CA,USA,S/O LAUREL CYN BL; COLFAX AVE,274000,11590,4.23
101,07,LA,Los Angeles County,CA,USA,"LOS ANGELES, JCT. RTE. 405, SAN DIEGO FWY INTERCHANGE",159000,8666,5.45
101,07,LA,Los Angeles County,CA,USA,"LOS ANGELES, JCT. RTE. 405, SAN DIEGO FWY INTERCHANGE",150000,5610,3.74
101,07,LA,Los Angeles County,CA,USA,ENCINO AVE PEDESTRIAN OVERCROSSING,304000,16568,5.45
101,07,LA,Los Angeles County,CA,USA,"LOS ANGELES, EDGEWARE RD",264000,9425,3.57
101,07,LA,Los Angeles County,CA,USA,"LOS ANGELES, JCT. RTE. 2 NORTHEAST, ALVARADO ST INTERCHANGE",266000,10746,4.04
101,07,LA,Los Angeles County,CA,USA,"LOS ANGELES, JCT. RTE. 2 NORTHEAST, ALVARADO ST INTERCHANGE",258000,8540,3.31
101,07,LA,Los Angeles County,CA,USA,"LOS ANGELES, JCT. RTE. 27, TOPANGA CANYON BLVD INTERCHANGE",228000,12426,5.45
101,07,LA,Los Angeles County,CA,USA,"LOS ANGELES, JCT. RTE. 27, TOPANGA CANYON BLVD INTERCHANGE",205000,11173,5.45
101,07,LA,Los Angeles County,CA,USA,"LOS ANGELES, JCT. RTE. 2 WEST, SANTA MONICA BLVD INTERCHANGE",223000,9009,4.04
101,07,LA,Los Angeles County,CA,USA,"LOS ANGELES, JCT. RTE. 2 WEST, SANTA MONICA BLVD INTERCHANGE",196000,7918,4.04
101,07,LA,Los Angeles County,CA,USA,"LOS ANGELES, HIGHLAND AVE INTERCHANGE",226000,9130,4.04
101,07,LA,Los Angeles County,CA,USA,"LOS ANGELES, HIGHLAND AVE INTERCHANGE",269000,10868,4.04
103,07,LA,Los Angeles County,CA,USA,"NB OFF TO HENRY FORD BLVD  AND LOS ANGELES, JCT. RTE. 47, TERMINAL ISLAND FWY (BEGIN ROUTE 103)",16900,9721,57.52
105,07,LA,Los Angeles County,CA,USA,"LYNWOOD, JCT. RTE. 710",197000,17474,8.87
105,07,LA,Los Angeles County,CA,USA,"LYNWOOD, JCT. RTE. 710",205000,13038,6.36
105,07,LA,Los Angeles County,CA,USA,"DOWNEY, ARDIS AVE",215000,18039,8.39
105,07,LA,Los Angeles County,CA,USA,"NORWALK, JCT. RTE. 605, SAN ",215000,19028,8.85
105,07,LA,Los Angeles County,CA,USA,"LOS ANGELES, JCT. RTE. 405",226000,12859,5.69
105,07,LA,Los Angeles County,CA,USA,"LOS ANGELES, JCT. RTE. 405",152000,5229,3.44
105,07,LA,Los Angeles County,CA,USA,"HAWTHORNE, VAN NESS AVE",271000,12466,4.6
105,07,LA,Los Angeles County,CA,USA,"LOS ANGELES, JCT. RTE. 110",246000,13235,5.38
105,07,LA,Los Angeles County,CA,USA,"LOS ANGELES, JCT. RTE. 110",251000,12650,5.04
107,07,LA,Los Angeles County,CA,USA,"TORRANCE, JCT. RTE. 1",42500,816,1.92
107,07,LA,Los Angeles County,CA,USA,"TORRANCE, ARTESIA BLVD",70000,1862,2.66
107,07,LA,Los Angeles County,CA,USA,"TORRANCE, ARTESIA BLVD",47500,1031,2.17
110,07,LA,Los Angeles County,CA,USA,"LOS ANGELES, JCT. RTE. 47",71000,2158,3.04
110,07,LA,Los Angeles County,CA,USA,"LOS ANGELES, JCT. RTE. 47",52000,1128,2.17
110,07,LA,Los Angeles County,CA,USA,"LOS ANGELES, ROSECRANS AVE INTERCHANGE",262000,15458,5.9
110,07,LA,Los Angeles County,CA,USA,"LOS ANGELES, JCT. RTE. 105",293000,13156,4.49
110,07,LA,Los Angeles County,CA,USA,"LOS ANGELES, JCT. RTE. 105",267000,15192,5.69
110,07,LA,Los Angeles County,CA,USA,"LOS ANGELES, FLORENCE AVE INTERCHANGE",305000,12444,4.08
110,07,LA,Los Angeles County,CA,USA,"LOS ANGELES, JCT. RTE. 10",279000,7449,2.67
110,07,LA,Los Angeles County,CA,USA,"LOS ANGELES, JCT. RTE. 10",270000,12204,4.52
110,07,LA,Los Angeles County,CA,USA,"LOS ANGELES, SEVENTH ST",278000,6700,2.41
110,07,LA,Los Angeles County,CA,USA,"LOS ANGELES, JCT. RTE. 101",161000,1819,1.13
110,07,LA,Los Angeles County,CA,USA,"LOS ANGELES, JCT. RTE. 101",278000,6172,2.22
110,07,LA,Los Angeles County,CA,USA,"LOS ANGELES, STADIUM WAY OVERCROSSING",92500,1036,1.12
110,07,LA,Los Angeles County,CA,USA,"LOS ANGELES, JCT. RTE. 5",123000,935,0.76
110,07,LA,Los Angeles County,CA,USA,"LOS ANGELES, JCT. RTE. 5",183000,1684,0.92
110,07,LA,Los Angeles County,CA,USA,"PASADENA, GLENARM ST",43500,331,0.76
110,07,LA,Los Angeles County,CA,USA,"LOS ANGELES, JCT. RTE. 1",139000,7867,5.66
110,07,LA,Los Angeles County,CA,USA,"LOS ANGELES, JCT. RTE. 1",96000,6058,6.31
110,07,LA,Los Angeles County,CA,USA,228TH ST,180000,9720,5.4
110,07,LA,Los Angeles County,CA,USA,"CARSON, JCT. RTE. 405",220000,10076,4.58
110,07,LA,Los Angeles County,CA,USA,"LOS ANGELES, JCT. RTE. 91",271000,20406,7.53
110,07,LA,Los Angeles County,CA,USA,"LOS ANGELES, JCT. RTE. 91",242000,15778,6.52
118,07,LA,Los Angeles County,CA,USA,"LOS ANGELES, JCT. RTE. 27",137000,6001,4.38
118,07,LA,Los Angeles County,CA,USA,"LOS ANGELES, JCT. RTE. 27",118000,4862,4.12
118,07,LA,Los Angeles County,CA,USA,"LOS ANGELES, JCT. RTE. 5",82000,1460,1.78
118,07,LA,Los Angeles County,CA,USA,"LOS ANGELES, JCT. RTE. 210",115000,2795,2.43
118,07,LA,Los Angeles County,CA,USA,"LOS ANGELES, JCT. RTE. 405",244000,13103,5.37
118,07,LA,Los Angeles County,CA,USA,"LOS ANGELES, JCT. RTE. 405",245000,8624,3.52
126,07,LA,Los Angeles County,CA,USA,VENTURA/LOS ANGELES COUNTY LINE,22600,2113,9.35
126,07,LA,Los Angeles County,CA,USA,"SANTA CLARITA, NORTH JCT. RTE. 5, GOLDEN STATE FWY",36500,4351,11.92
126,07,LA,Los Angeles County,CA,USA,"SANTA CLARITA, SOUTH JCT. RTE. 5, GOLDEN STATE FWY",28000,1067,3.81
134,07,LA,Los Angeles County,CA,USA,"LOS ANGELES, JCT. RTES. 101/170",190000,10089,5.31
134,07,LA,Los Angeles County,CA,USA,FORMAN AVE,216000,9590,4.44
134,07,LA,Los Angeles County,CA,USA,"PASADENA, SAN RAFAEL AVE INTERCHANGE",214000,5179,2.42
134,07,LA,Los Angeles County,CA,USA,"PASADENA, JCT. RTES. 210/710",220000,5544,2.52
134,07,LA,Los Angeles County,CA,USA,"LOS ANGELES, JCT. RTE. 5",109500,5585,5.1
134,07,LA,Los Angeles County,CA,USA,"LOS ANGELES, JCT. RTE. 5",118500,5096,4.3
134,07,LA,Los Angeles County,CA,USA,"GLENDALE, JCT. RTE. 2",234000,10062,4.3
134,07,LA,Los Angeles County,CA,USA,"GLENDALE, JCT. RTE. 2",205000,5433,2.65
138,07,LA,Los Angeles County,CA,USA,"JCT. RTE. 5, GOLDEN STATE FWY INTERCHANGE",2225,458,20.57
138,07,LA,Los Angeles County,CA,USA,"JCT. RTE. 14 NORTH, ANTELOPE VALLEY FWY",3800,536,14.1
138,07,LA,Los Angeles County,CA,USA,JCT. RTE. 14 SOUTH,35000,1887,5.39
138,07,LA,Los Angeles County,CA,USA,"PALMDALE, PEARLBLOSSOM HWY/AVE T",14500,1030,7.1
138,07,LA,Los Angeles County,CA,USA,"PALMDALE, PEARLBLOSSOM HWY/AVE T",18100,1691,9.34
138,07,LA,Los Angeles County,CA,USA,"JCT. RTE. 18, PALMDALE RD",14000,1343,9.59
138,07,LA,Los Angeles County,CA,USA,"JCT. RTE. 18, PALMDALE RD",9200,876,9.52
138,07,LA,Los Angeles County,CA,USA,LOS ANGELES/SAN BERNARDINO COUNTY LINE,12000,1142,9.52
164,07,LA,Los Angeles County,CA,USA,"EL MONTE, JCT. RTE. 10",53000,1776,3.35
164,07,LA,Los Angeles County,CA,USA,"EL MONTE, JCT. RTE. 10",77000,3442,4.47
170,07,LA,Los Angeles County,CA,USA,"LOS ANGELES, JCT. RTES. 101/134",188000,7294,3.88
170,07,LA,Los Angeles County,CA,USA,S/O SHERMAN WAY; VAN OWEN ST,206000,7375,3.58
170,07,LA,Los Angeles County,CA,USA,"LOS ANGELES, JCT. RTE. 5",143000,7350,5.14
187,07,LA,Los Angeles County,CA,USA,"LOS ANGELES, JCT. RTE. 405",70000,1771,2.53
187,07,LA,Los Angeles County,CA,USA,"LOS ANGELES, JCT. RTE. 405",49000,1671,3.41
187,07,LA,Los Angeles County,CA,USA,"LOS ANGELES, JCT. RTE. 10",44500,1722,3.87
187,07,LA,Los Angeles County,CA,USA,"LOS ANGELES, CADILLAC AVE",55000,1755,3.19
210,07,LA,Los Angeles County,CA,USA,"LOS ANGELES, JCT. RTE. 5",84000,6451,7.68
210,07,LA,Los Angeles County,CA,USA,"LA CANADA-FLINTRIDGE, WEST JCT. RTE. 2",186000,11048,5.94
210,07,LA,Los Angeles County,CA,USA,"LA CANADA-FLINTRIDGE, WEST JCT. RTE. 2",131000,11332,8.65
210,07,LA,Los Angeles County,CA,USA,"LA CANADA-FLINTRIDGE, EAST JCT. RTE. 2",126000,10899,8.65
210,07,LA,Los Angeles County,CA,USA,"PASADENA, JCT. RTES. 134/710",143000,10310,7.21
210,07,LA,Los Angeles County,CA,USA,"PASADENA, JCT. RTES. 134/710",329000,14772,4.49
210,07,LA,Los Angeles County,CA,USA,"PASADENA, LAKE AVE INTERCHANGE",331000,24858,7.51
210,07,LA,Los Angeles County,CA,USA,"PASADENA, ROSEMEAD BLVD INTERCHANGE",274000,17426,6.36
210,07,LA,Los Angeles County,CA,USA,"PASADENA, ROSEMEAD BLVD INTERCHANGE",285000,16815,5.9
210,07,LA,Los Angeles County,CA,USA,E/O POLK ST; ASTORIA ST PED OC,95500,6446,6.75
210,07,LA,Los Angeles County,CA,USA,"MONROVIA, HUNTINGTON DR INTERCHANGE",252000,15473,6.14
210,07,LA,Los Angeles County,CA,USA,"DUARTE, JCT. RTE. 605",256000,19968,7.8
210,07,LA,Los Angeles County,CA,USA,"DUARTE, JCT. RTE. 605",269000,18991,7.06
210,07,LA,Los Angeles County,CA,USA,"GLENDORA, GRAND AVE INTERCHANGE",256000,21965,8.58
210,07,LA,Los Angeles County,CA,USA,"GLENDORA, JCT RTE 57",257000,17887,6.96
210,07,LA,Los Angeles County,CA,USA,"GLENDORA, JCT RTE 57",187000,6676,3.57
210,07,LA,Los Angeles County,CA,USA,"LOS ANGELES, JCT. RTE. 118",129000,10849,8.41
210,07,LA,Los Angeles County,CA,USA,"LOS ANGELES, JCT. RTE. 118",131000,6655,5.08
210,07,LA,Los Angeles County,CA,USA,"CLAREMONT, BASELINE RD INTERCHANGE",178000,11000,6.18
213,07,LA,Los Angeles County,CA,USA,"LOS ANGELES, 25TH ST",30500,522,1.71
213,07,LA,Los Angeles County,CA,USA,"LOS ANGELES, JCT. RTE. 1",20900,623,2.98
213,07,LA,Los Angeles County,CA,USA,"LOS ANGELES, JCT. RTE. 1",31500,643,2.04
213,07,LA,Los Angeles County,CA,USA,CARSON ST,31500,1197,3.8
405,07,LA,Los Angeles County,CA,USA,"CARSON, JCT. RTE. 110",274000,9974,3.64
405,07,LA,Los Angeles County,CA,USA,"CARSON, JCT. RTE. 110",272000,11642,4.28
405,07,LA,Los Angeles County,CA,USA,"LAWNDALE, HAWTHORNE BLVD INTERCHANGE",256000,9318,3.64
405,07,LA,Los Angeles County,CA,USA,"LOS ANGELES, JCT. RTE 105",326000,9650,2.96
405,07,LA,Los Angeles County,CA,USA,"LOS ANGELES, JCT. RTE 105",252000,9173,3.64
405,07,LA,Los Angeles County,CA,USA,"CULVER CITY, JCT. RTE. 90, JEFFERSON BLVD INTERCHANGE",316000,8848,2.8
405,07,LA,Los Angeles County,CA,USA,"CULVER CITY, JCT. RTE. 90,  JEFFERSON BLVD INTERCHANGE",309000,9146,2.96
405,07,LA,Los Angeles County,CA,USA,"CULVER CITY, JCT. RTE. 187, VENICE BLVD INTERCHANGE",326000,9128,2.8
405,07,LA,Los Angeles County,CA,USA,"LOS ANGELES, JCT. RTE. 10",303000,10484,3.46
405,07,LA,Los Angeles County,CA,USA,"LOS ANGELES, JCT. RTE. 10",331000,9268,2.8
405,07,LA,Los Angeles County,CA,USA,"LONG BEACH, LAKEWOOD BLVD INTERCHANGE",285000,12740,4.47
405,07,LA,Los Angeles County,CA,USA,"LOS ANGELES, JCT. RTE. 2",310000,10726,3.46
405,07,LA,Los Angeles County,CA,USA,"LOS ANGELES, JCT. RTE. 101",283000,9792,3.46
405,07,LA,Los Angeles County,CA,USA,"LOS ANGELES, JCT. RTE. 101",224000,7302,3.26
405,07,LA,Los Angeles County,CA,USA,N/O SHERMAN WAY; SATICOY ST,217000,8919,4.11
405,07,LA,Los Angeles County,CA,USA,"LOS ANGELES, JCT. RTE. 118",218000,6387,2.93
405,07,LA,Los Angeles County,CA,USA,"LOS ANGELES, JCT. RTE. 118",154000,6037,3.92
405,07,LA,Los Angeles County,CA,USA,"LOS ANGELES, RINALDI ST INTERCHANGE",147000,7865,5.35
405,07,LA,Los Angeles County,CA,USA,"LOS ANGELES, JCT. RTE. 5",147000,5762,3.92
405,07,LA,Los Angeles County,CA,USA,"LONG BEACH, JCT. RTE. 710",281000,12027,4.28
405,07,LA,Los Angeles County,CA,USA,"LONG BEACH, JCT. RTE. 710",294000,13142,4.47
605,07,LA,Los Angeles County,CA,USA,ORANGE/LOS ANGELES COUNTY LINE,170000,8670,5.1
605,07,LA,Los Angeles County,CA,USA,"LAKEWOOD, CARSON ST INTERCHANGE",202000,10302,5.1
605,07,LA,Los Angeles County,CA,USA,"WHITTIER, JCT. RTE. 72",248000,26561,10.71
605,07,LA,Los Angeles County,CA,USA,"WHITTIER, JCT. RTE. 72",240000,25704,10.71
605,07,LA,Los Angeles County,CA,USA,"INDUSTRY, JCT. RTE. 60",230000,22540,9.8
605,07,LA,Los Angeles County,CA,USA,"INDUSTRY, JCT. RTE. 60",253000,27096,10.71
605,07,LA,Los Angeles County,CA,USA,"CERRITOS, DEL AMO BLVD INTERCHANGE",218000,11118,5.1
605,07,LA,Los Angeles County,CA,USA,"BALDWIN PARK, JCT. RTE. 10",238000,23324,9.8
605,07,LA,Los Angeles County,CA,USA,"BALDWIN PARK, JCT. RTE. 10",197000,13573,6.89
605,07,LA,Los Angeles County,CA,USA,SAN GABRIEL RIVER BRIDGE,176000,12126,6.89
605,07,LA,Los Angeles County,CA,USA,"IRWINDALE, JCT. RTE. 210",160000,11024,6.89
605,07,LA,Los Angeles County,CA,USA,"CERRITOS, JCT. RTE. 91",246000,12546,5.1
605,07,LA,Los Angeles County,CA,USA,"CERRITOS, JCT. RTE. 91",301000,17548,5.83
605,07,LA,Los Angeles County,CA,USA,"NORWALK, JCT. RTE. 105",299000,24189,8.09
605,07,LA,Los Angeles County,CA,USA,"NORWALK, JCT. RTE. 105",303000,17665,5.83
605,07,LA,Los Angeles County,CA,USA,"SANTA FE SPRINGS, JCT. RTE. 5",248000,26561,10.71
710,07,LA,Los Angeles County,CA,USA,"LONG BEACH, DEL AMO BLVD INTERCHANGE",190000,26657,14.03
710,07,LA,Los Angeles County,CA,USA,"LONG BEACH, JCT. RTE. 91",233000,20690,8.88
710,07,LA,Los Angeles County,CA,USA,"LONG BEACH, JCT. RTE. 91",199000,27661,13.9
710,07,LA,Los Angeles County,CA,USA,"LYNWOOD, JCT. RTE. 105",241000,20244,8.4
710,07,LA,Los Angeles County,CA,USA,"LYNWOOD, JCT. RTE. 105",240000,20952,8.73
710,07,LA,Los Angeles County,CA,USA,"SOUTH GATE, FIRESTONE BLVD INTERCHANGE",213000,20192,9.48
710,07,LA,Los Angeles County,CA,USA,"COMMERCE, JCT. RTE. 5",216000,18079,8.37
710,07,LA,Los Angeles County,CA,USA,"COMMERCE, JCT. RTE. 5",178000,13813,7.76
710,07,LA,Los Angeles County,CA,USA,"JCT. RTE. 60, POMONA FWY INTERCHANGE",192000,13574,7.07
710,07,LA,Los Angeles County,CA,USA,"JCT. RTE. 60, POMONA FWY INTERCHANGE",127000,6541,5.15
710,07,LA,Los Angeles County,CA,USA,"MONTEREY PARK, JCT. RTE. 10",45500,1511,3.32
710,07,LA,Los Angeles County,CA,USA,"PASADENA, JCT. RTES. 134/210, VENTURA/FOOTHILL FWYS INTERCHANGE",66000,865,1.31
710,07,LA,Los Angeles County,CA,USA,"LONG BEACH, BEGIN ROUTE 710",58000,16118,27.79
710,07,LA,Los Angeles County,CA,USA,"LONG BEACH, JCT. RTE. 1",153000,21282,13.91
710,07,LA,Los Angeles County,CA,USA,"LONG BEACH, JCT. RTE. 1",133000,19072,14.34
710,07,LA,Los Angeles County,CA,USA,N OF JCT. RTE. 1; PAC COAST HWY,153000,24801,16.21
710,07,LA,Los Angeles County,CA,USA,"LONG BEACH, JCT. RTE. 405",186000,26784,14.4
710,07,LA,Los Angeles County,CA,USA,"LONG BEACH, JCT. RTE. 405",169000,22562,13.35
